date,source_dataset,benchmark_return,cumulative_benchmark_return
2023-01-03,medium_term_alpha\Results\sample_prices.csv,0.0,1.0
2023-01-04,medium_term_alpha\Results\sample_prices.csv,0.007720343601935298,1.0077203436019353
2023-01-05,medium_term_alpha\Results\sample_prices.csv,-0.01141348727618885,0.996218740282278
2023-01-06,medium_term_alpha\Results\sample_prices.csv,0.022932094678675297,1.0190641227551018
2023-01-09,medium_term_alpha\Results\sample_prices.csv,-0.0005667417345858183,1.0184865765865174
2023-01-10,medium_term_alpha\Results\sample_prices.csv,0.007012655873617657,1.0256288724600175
2023-01-11,medium_term_alpha\Results\sample_prices.csv,0.012648022253972657,1.0386010492632087
2023-01-12,medium_term_alpha\Results\sample_prices.csv,0.003640562980162132,1.042382141794314
2023-01-13,medium_term_alpha\Results\sample_prices.csv,0.003879569041204345,1.0464261352807236
2023-01-17,medium_term_alpha\Results\sample_prices.csv,-0.0018317533362395277,1.0445093407162949
2023-01-18,medium_term_alpha\Results\sample_prices.csv,-0.01578814980011012,1.0280184707774518
2023-01-19,medium_term_alpha\Results\sample_prices.csv,-0.007279724205585092,1.0205347798319446
2023-01-20,medium_term_alpha\Results\sample_prices.csv,0.018628918236243797,1.039546238802677
2023-01-23,medium_term_alpha\Results\sample_prices.csv,0.011998543876574175,1.0520192799606787
2023-01-24,medium_term_alpha\Results\sample_prices.csv,-0.0010730259984728097,1.0508904359223863
2023-01-25,medium_term_alpha\Results\sample_prices.csv,0.000374578430232253,1.0512840768122202
2023-01-26,medium_term_alpha\Results\sample_prices.csv,0.010990464111703346,1.0628381767296302
2023-01-27,medium_term_alpha\Results\sample_prices.csv,0.002297632297507457,1.0652801880515081
2023-01-30,medium_term_alpha\Results\sample_prices.csv,-0.012546762666705291,1.0519143703584828
2023-01-31,medium_term_alpha\Results\sample_prices.csv,0.014703368599813249,1.067381055081304
2023-02-01,medium_term_alpha\Results\sample_prices.csv,0.010627753502342907,1.078724917827779
2023-02-02,medium_term_alpha\Results\sample_prices.csv,0.014556926565048478,1.0944278372404859
2023-02-03,medium_term_alpha\Results\sample_prices.csv,-0.010629080168557237,1.082795076019756
2023-02-06,medium_term_alpha\Results\sample_prices.csv,-0.006111263755458007,1.076177829717088
2023-02-07,medium_term_alpha\Results\sample_prices.csv,0.013078559832082837,1.0902526858530042
2023-02-08,medium_term_alpha\Results\sample_prices.csv,-0.010934690880718856,1.0783311097513282
2023-02-09,medium_term_alpha\Results\sample_prices.csv,-0.008669173695883714,1.0689828700592188
2023-02-10,medium_term_alpha\Results\sample_prices.csv,0.002333690441745695,1.071477545165466
2023-02-13,medium_term_alpha\Results\sample_prices.csv,0.011738884138962735,1.0840554959256634
2023-02-14,medium_term_alpha\Results\sample_prices.csv,-0.00046012521852478727,1.0835566946537076
2023-02-15,medium_term_alpha\Results\sample_prices.csv,0.003247432041463272,1.087075471382668
2023-02-16,medium_term_alpha\Results\sample_prices.csv,-0.01376879219361915,1.0721077551184195
2023-02-17,medium_term_alpha\Results\sample_prices.csv,-0.002498502567038874,1.0694290911401139
2023-02-21,medium_term_alpha\Results\sample_prices.csv,-0.020060910302770907,1.0479753700675782
2023-02-22,medium_term_alpha\Results\sample_prices.csv,-0.001377965977042983,1.046531295662846
2023-02-23,medium_term_alpha\Results\sample_prices.csv,0.005319458670235866,1.052098275637233
2023-02-24,medium_term_alpha\Results\sample_prices.csv,-0.010682417607301486,1.0408593224929543
2023-02-27,medium_term_alpha\Results\sample_prices.csv,0.003405703119158554,1.044404180334174
2023-02-28,medium_term_alpha\Results\sample_prices.csv,-0.0036958915782159263,1.0405441757198233
2023-03-01,medium_term_alpha\Results\sample_prices.csv,-0.0038359706217141465,1.0365526788311663
2023-03-02,medium_term_alpha\Results\sample_prices.csv,0.007777371324460436,1.0446143339118004
2023-03-03,medium_term_alpha\Results\sample_prices.csv,0.01603791559912482,1.0613677704327138
2023-03-06,medium_term_alpha\Results\sample_prices.csv,0.0006926152985125,1.0621028899878635
2023-03-07,medium_term_alpha\Results\sample_prices.csv,-0.01532867758988421,1.0458222572199554
2023-03-08,medium_term_alpha\Results\sample_prices.csv,0.001632105030223041,1.0475291489866834
2023-03-09,medium_term_alpha\Results\sample_prices.csv,-0.018449866477869392,1.028202376056203
2023-03-10,medium_term_alpha\Results\sample_prices.csv,-0.014429527800523867,1.0133659012863352
2023-03-13,medium_term_alpha\Results\sample_prices.csv,-0.0014251926076414012,1.011921659694986
2023-03-14,medium_term_alpha\Results\sample_prices.csv,0.016530121735984116,1.0286488479170233
2023-03-15,medium_term_alpha\Results\sample_prices.csv,-0.0062543288932490615,1.0222153397064884
2023-03-16,medium_term_alpha\Results\sample_prices.csv,0.017545172378967466,1.0401502840500636
2023-03-17,medium_term_alpha\Results\sample_prices.csv,-0.011692612343420672,1.0279882099997673
2023-03-20,medium_term_alpha\Results\sample_prices.csv,0.009615617620955863,1.037872951545976
2023-03-21,medium_term_alpha\Results\sample_prices.csv,0.013130588570542168,1.0515008342612204
2023-03-22,medium_term_alpha\Results\sample_prices.csv,-0.017046661485448977,1.0335762554879022
2023-03-23,medium_term_alpha\Results\sample_prices.csv,0.00270341923573425,1.0363704454185865
2023-03-24,medium_term_alpha\Results\sample_prices.csv,0.006561987609382758,1.0431710954401536
2023-03-27,medium_term_alpha\Results\sample_prices.csv,0.0018698430867170046,1.0451216617012253
2023-03-28,medium_term_alpha\Results\sample_prices.csv,-0.002244678965476865,1.0427756990908403
2023-03-29,medium_term_alpha\Results\sample_prices.csv,0.01453497693514838,1.057932419825659
2023-03-30,medium_term_alpha\Results\sample_prices.csv,0.005855224050304031,1.0641268511738184
2023-03-31,medium_term_alpha\Results\sample_prices.csv,0.014094712654368902,1.0791254133689119
2023-04-03,medium_term_alpha\Results\sample_prices.csv,0.003810373847181525,1.0832372846218417
2023-04-04,medium_term_alpha\Results\sample_prices.csv,-0.005548129667958812,1.0772273437055921
2023-04-05,medium_term_alpha\Results\sample_prices.csv,-0.0026180834151888766,1.0744070726626487
2023-04-06,medium_term_alpha\Results\sample_prices.csv,0.0039007879068728712,1.0785981067787498
2023-04-10,medium_term_alpha\Results\sample_prices.csv,0.0010264340082914991,1.0797052165568264
2023-04-11,medium_term_alpha\Results\sample_prices.csv,0.00026857811078340177,1.0799952017440921
2023-04-12,medium_term_alpha\Results\sample_prices.csv,-0.004075965911426116,1.0755931781172794
2023-04-13,medium_term_alpha\Results\sample_prices.csv,0.013282529377335539,1.0898797761036838
2023-04-14,medium_term_alpha\Results\sample_prices.csv,-0.002442804556537115,1.08721741282054
2023-04-17,medium_term_alpha\Results\sample_prices.csv,0.003588411348147913,1.0911187961226094
2023-04-18,medium_term_alpha\Results\sample_prices.csv,0.0006521253640527913,1.0918303423647557
2023-04-19,medium_term_alpha\Results\sample_prices.csv,-0.00016866728422004762,1.09164618630608
2023-04-20,medium_term_alpha\Results\sample_prices.csv,-0.005457226709459251,1.0856888255808912
2023-04-21,medium_term_alpha\Results\sample_prices.csv,0.0007768860313581705,1.0865322820638867
2023-04-24,medium_term_alpha\Results\sample_prices.csv,0.0010430965519034885,1.0876656401408393
2023-04-25,medium_term_alpha\Results\sample_prices.csv,-0.015873777110465337,1.070400278198532
2023-04-26,medium_term_alpha\Results\sample_prices.csv,-0.004235580626599789,1.0658665115174872
2023-04-27,medium_term_alpha\Results\sample_prices.csv,0.01990789467492582,1.087085669766308
2023-04-28,medium_term_alpha\Results\sample_prices.csv,0.008535303816583406,1.0963642762324175
2023-05-01,medium_term_alpha\Results\sample_prices.csv,-0.00100964854059582,1.0952573336409581
2023-05-02,medium_term_alpha\Results\sample_prices.csv,-0.0112394753466456,1.0829472158412679
2023-05-03,medium_term_alpha\Results\sample_prices.csv,-0.006863939508532257,1.0755139316608
2023-05-04,medium_term_alpha\Results\sample_prices.csv,-0.007082760345091588,1.0678963242350394
2023-05-05,medium_term_alpha\Results\sample_prices.csv,0.018512392502110675,1.0876656401408398
2023-05-08,medium_term_alpha\Results\sample_prices.csv,0.0002665355815778536,1.087955541734797
2023-05-09,medium_term_alpha\Results\sample_prices.csv,-0.004385293615054242,1.0831845372441646
2023-05-10,medium_term_alpha\Results\sample_prices.csv,0.004672324524475302,1.088245526922063
2023-05-11,medium_term_alpha\Results\sample_prices.csv,-0.0017439252782979198,1.086347708038669
2023-05-12,medium_term_alpha\Results\sample_prices.csv,-0.00131020966278661,1.0849243647744506
2023-05-15,medium_term_alpha\Results\sample_prices.csv,0.0034499090541564303,1.088667255163561
2023-05-16,medium_term_alpha\Results\sample_prices.csv,-0.006682674802190425,1.0813920459295097
2023-05-17,medium_term_alpha\Results\sample_prices.csv,0.012138975554691012,1.0945190375400853
2023-05-18,medium_term_alpha\Results\sample_prices.csv,0.009633264318818835,1.105062828730688
2023-05-19,medium_term_alpha\Results\sample_prices.csv,-0.0014551216826217406,1.1034548278479428
2023-05-22,medium_term_alpha\Results\sample_prices.csv,0.00040620359709109266,1.1039030551682423
2023-05-23,medium_term_alpha\Results\sample_prices.csv,-0.011222857144587817,1.091514108878615
2023-05-24,medium_term_alpha\Results\sample_prices.csv,-0.00724491504226632,1.0836061818923546
2023-05-25,medium_term_alpha\Results\sample_prices.csv,0.008660066155286472,1.0929902831138198
2023-05-26,medium_term_alpha\Results\sample_prices.csv,0.012950730063640892,1.1071453052326095
2023-05-30,medium_term_alpha\Results\sample_prices.csv,0.00038083948529288314,1.1075669498807987
2023-05-31,medium_term_alpha\Results\sample_prices.csv,-0.005545278833438583,1.1014251823170087
2023-06-01,medium_term_alpha\Results\sample_prices.csv,0.009501064701213924,1.1118898942377489
2023-06-02,medium_term_alpha\Results\sample_prices.csv,0.01446119491777531,1.1279691507254255
2023-06-05,medium_term_alpha\Results\sample_prices.csv,-0.0019161770370904607,1.125807762140259
2023-06-06,medium_term_alpha\Results\sample_prices.csv,0.0021774354866517243,1.128259135912691
2023-06-07,medium_term_alpha\Results\sample_prices.csv,-0.003457804669673714,1.1243578362039301
2023-06-08,medium_term_alpha\Results\sample_prices.csv,0.006048549132575465,1.1311585698188058
2023-06-09,medium_term_alpha\Results\sample_prices.csv,0.0017943807158427028,1.1331882989430488
2023-06-12,medium_term_alpha\Results\sample_prices.csv,0.009071870848922803,1.1434684368385708
2023-06-13,medium_term_alpha\Results\sample_prices.csv,0.006592905141016958,1.1510072157743945
2023-06-14,medium_term_alpha\Results\sample_prices.csv,0.001190779577883383,1.1523778116609351
2023-06-15,medium_term_alpha\Results\sample_prices.csv,0.012397712470477273,1.1666646604272652
2023-06-16,medium_term_alpha\Results\sample_prices.csv,-0.0034063137609057215,1.1626906345400894
2023-06-20,medium_term_alpha\Results\sample_prices.csv,-0.005188118453110846,1.1566584578037729
2023-06-21,medium_term_alpha\Results\sample_prices.csv,-0.005123752099032042,1.1507320266027377
2023-06-22,medium_term_alpha\Results\sample_prices.csv,0.003609732759478179,1.1548858616965463
2023-06-23,medium_term_alpha\Results\sample_prices.csv,-0.007560042937187483,1.1461548749945696
2023-06-26,medium_term_alpha\Results\sample_prices.csv,-0.004085672584312028,1.1414720614444287
2023-06-27,medium_term_alpha\Results\sample_prices.csv,0.010963257955930672,1.1539863141035318
2023-06-28,medium_term_alpha\Results\sample_prices.csv,0.0005044633488615613,1.154568457904085
2023-06-29,medium_term_alpha\Results\sample_prices.csv,0.003941359132847655,1.159119026840143
2023-06-30,medium_term_alpha\Results\sample_prices.csv,0.01180073517056246,1.1727974835070436
2023-07-03,medium_term_alpha\Results\sample_prices.csv,0.001150479611222055,1.174146763099911
2023-07-05,medium_term_alpha\Results\sample_prices.csv,-0.0014871911047333874,1.1724005824781774
2023-07-06,medium_term_alpha\Results\sample_prices.csv,-0.007830629944856504,1.1632199473696565
2023-07-07,medium_term_alpha\Results\sample_prices.csv,-0.0025247160880151887,1.1602831472546322
2023-07-10,medium_term_alpha\Results\sample_prices.csv,0.0025311064130968397,1.1632199473696565
2023-07-11,medium_term_alpha\Results\sample_prices.csv,0.006368562556071655,1.1706279863709506
2023-07-12,medium_term_alpha\Results\sample_prices.csv,0.00804585996648921,1.1800466952221444
2023-07-13,medium_term_alpha\Results\sample_prices.csv,0.007936941403622111,1.1894126566956604
2023-07-14,medium_term_alpha\Results\sample_prices.csv,-0.0006227614130813741,1.1886719363888398
2023-07-17,medium_term_alpha\Results\sample_prices.csv,0.0034720840141375664,1.1927991052172295
2023-07-18,medium_term_alpha\Results\sample_prices.csv,0.007430545247715248,1.2016622529399805
2023-07-19,medium_term_alpha\Results\sample_prices.csv,0.0022239148093636807,1.204334647420147
2023-07-20,medium_term_alpha\Results\sample_prices.csv,-0.006634589822913317,1.1963443810249914
2023-07-21,medium_term_alpha\Results\sample_prices.csv,0.0,1.1963443810249914
2023-07-24,medium_term_alpha\Results\sample_prices.csv,0.004467251302013864,1.2016887520187822
2023-07-25,medium_term_alpha\Results\sample_prices.csv,0.0027300771358438336,1.2049694550050694
2023-07-26,medium_term_alpha\Results\sample_prices.csv,0.00015380171192336256,1.2051547813700645
2023-07-27,medium_term_alpha\Results\sample_prices.csv,-0.006630074840737077,1.1971645149749088
2023-07-28,medium_term_alpha\Results\sample_prices.csv,0.009790315066457778,1.2088851327628962
2023-07-31,medium_term_alpha\Results\sample_prices.csv,0.0019040893804560532,1.2111869581063812
2023-08-01,medium_term_alpha\Results\sample_prices.csv,-0.0028615418465901543,1.2077210959417155
2023-08-02,medium_term_alpha\Results\sample_prices.csv,-0.01391084085287353,1.1909206799814123
2023-08-03,medium_term_alpha\Results\sample_prices.csv,-0.0028658059749401277,1.1875077323810417
2023-08-04,medium_term_alpha\Results\sample_prices.csv,-0.004522808505695752,1.1821368623084492
2023-08-07,medium_term_alpha\Results\sample_prices.csv,0.008728549431549881,1.1924552023459658
2023-08-08,medium_term_alpha\Results\sample_prices.csv,-0.00434862768630262,1.1872696586383686
2023-08-09,medium_term_alpha\Results\sample_prices.csv,-0.006685312119114606,1.1793323904008164
2023-08-10,medium_term_alpha\Results\sample_prices.csv,0.0003589458898993758,1.179755706915176
2023-08-11,medium_term_alpha\Results\sample_prices.csv,-0.0005831486341708603,1.1790677339860332
2023-08-14,medium_term_alpha\Results\sample_prices.csv,0.005520102716732644,1.1855763089876212
2023-08-15,medium_term_alpha\Results\sample_prices.csv,-0.011648934932562027,1.1717656077066374
2023-08-16,medium_term_alpha\Results\sample_prices.csv,-0.0073381355833658235,1.1631670328053612
2023-08-17,medium_term_alpha\Results\sample_prices.csv,-0.007619840893680285,1.1543038850826102
2023-08-18,medium_term_alpha\Results\sample_prices.csv,0.0004812229624389097,1.1548593626177444
2023-08-21,medium_term_alpha\Results\sample_prices.csv,0.006506378149942371,1.1623733143409367
2023-08-22,medium_term_alpha\Results\sample_prices.csv,-0.0027086464678427458,1.1592248559687324
2023-08-23,medium_term_alpha\Results\sample_prices.csv,0.011137603231051507,1.172135842470085
2023-08-24,medium_term_alpha\Results\sample_prices.csv,-0.01385890599880768,1.1558913220114588
2023-08-25,medium_term_alpha\Results\sample_prices.csv,0.007049690191138547,1.1640399977262652
2023-08-28,medium_term_alpha\Results\sample_prices.csv,0.006341598493303957,1.1714218720219916
2023-08-29,medium_term_alpha\Results\sample_prices.csv,0.014454650192370133,1.1883543654097608
2023-08-30,medium_term_alpha\Results\sample_prices.csv,0.004118837895840999,1.1932490044036985
2023-08-31,medium_term_alpha\Results\sample_prices.csv,-0.0014635233735001973,1.191502656595348
2023-09-01,medium_term_alpha\Results\sample_prices.csv,0.0018653578946741245,1.1937252354823533
2023-09-05,medium_term_alpha\Results\sample_prices.csv,-0.004322012516252416,1.1885659400736321
2023-09-06,medium_term_alpha\Results\sample_prices.csv,-0.006722399949248947,1.1805759244584022
2023-09-07,medium_term_alpha\Results\sample_prices.csv,-0.003070272208474556,1.1769512350075435
2023-09-08,medium_term_alpha\Results\sample_prices.csv,0.0015060203525822935,1.1787237475214618
2023-09-11,medium_term_alpha\Results\sample_prices.csv,0.006576697106064566,1.1864758565806357
2023-09-12,medium_term_alpha\Results\sample_prices.csv,-0.005485636277796413,1.1799672815790474
2023-09-13,medium_term_alpha\Results\sample_prices.csv,0.0011660173010359376,1.181343143844025
2023-09-14,medium_term_alpha\Results\sample_prices.csv,0.008622328143939706,1.1915290720808416
2023-09-15,medium_term_alpha\Results\sample_prices.csv,-0.012048297582953005,1.1771731752416716
2023-09-18,medium_term_alpha\Results\sample_prices.csv,0.0005865583271187358,1.1778636559700704
2023-09-19,medium_term_alpha\Results\sample_prices.csv,-0.002073822429247363,1.1754209759017242
2023-09-20,medium_term_alpha\Results\sample_prices.csv,-0.009193464135490603,1.1646147853156683
2023-09-21,medium_term_alpha\Results\sample_prices.csv,-0.016528310467607055,1.1453656705688053
2023-09-22,medium_term_alpha\Results\sample_prices.csv,-0.0022485624534224202,1.1427902443265254
2023-09-25,medium_term_alpha\Results\sample_prices.csv,0.004205083610846039,1.1475957728535777
2023-09-26,medium_term_alpha\Results\sample_prices.csv,-0.0146911628887465,1.130736256424149
2023-09-27,medium_term_alpha\Results\sample_prices.csv,0.00039913841105798653,1.1311875766968638
2023-09-28,medium_term_alpha\Results\sample_prices.csv,0.005797502001731347,1.1377456389370975
2023-09-29,medium_term_alpha\Results\sample_prices.csv,-0.0024270255722664835,1.1349843011766625
2023-10-02,medium_term_alpha\Results\sample_prices.csv,-0.0003975708553312085,1.1345330644972562
2023-10-03,medium_term_alpha\Results\sample_prices.csv,-0.013386107454905871,1.1193460829847524
2023-10-04,medium_term_alpha\Results\sample_prices.csv,0.007282019426037234,1.127497182905506
2023-10-05,medium_term_alpha\Results\sample_prices.csv,-0.00037678248811068293,1.1270723617115932
2023-10-06,medium_term_alpha\Results\sample_prices.csv,0.011872825285774935,1.1404538949466207
2023-10-09,medium_term_alpha\Results\sample_prices.csv,0.006402238236267621,1.1477553524795483
2023-10-10,medium_term_alpha\Results\sample_prices.csv,0.005204792636394062,1.1537291810865158
2023-10-11,medium_term_alpha\Results\sample_prices.csv,0.004096164144500314,1.158455045190546
2023-10-12,medium_term_alpha\Results\sample_prices.csv,-0.00609630654772797,1.1513927481133024
2023-10-13,medium_term_alpha\Results\sample_prices.csv,-0.004980926390161344,1.1456577455887844
2023-10-16,medium_term_alpha\Results\sample_prices.csv,0.010521383332395828,1.1577116498978524
2023-10-17,medium_term_alpha\Results\sample_prices.csv,-4.5994991528242046e-05,1.1576584009603232
2023-10-18,medium_term_alpha\Results\sample_prices.csv,-0.013325080330662153,1.1422325097720611
2023-10-19,medium_term_alpha\Results\sample_prices.csv,-0.008786268781063922,1.1321965479307345
2023-10-20,medium_term_alpha\Results\sample_prices.csv,-0.012288150453647506,1.1182839464066614
2023-10-23,medium_term_alpha\Results\sample_prices.csv,-0.0017331115807659447,1.1163458355485594
2023-10-24,medium_term_alpha\Results\sample_prices.csv,0.007539412967386028,1.1247624278171815
2023-10-25,medium_term_alpha\Results\sample_prices.csv,-0.014352100861133477,1.108619724008336
2023-10-26,medium_term_alpha\Results\sample_prices.csv,-0.011974758376581351,1.095344270681824
2023-10-27,medium_term_alpha\Results\sample_prices.csv,-0.004532691233238073,1.0903794133087268
2023-10-30,medium_term_alpha\Results\sample_prices.csv,0.011955893424185682,1.103415873366172
2023-10-31,medium_term_alpha\Results\sample_prices.csv,0.006280165678129723,1.11034550786279
2023-11-01,medium_term_alpha\Results\sample_prices.csv,0.010664692771986006,1.1221870015749014
2023-11-02,medium_term_alpha\Results\sample_prices.csv,0.0191644088315841,1.1436930520585722
2023-11-03,medium_term_alpha\Results\sample_prices.csv,0.009123398564820473,1.1541274196083184
2023-11-06,medium_term_alpha\Results\sample_prices.csv,0.0023003729342003787,1.156782343087004
2023-11-07,medium_term_alpha\Results\sample_prices.csv,0.002846031392628179,1.1600745819498675
2023-11-08,medium_term_alpha\Results\sample_prices.csv,0.0007325473617523226,1.1609243915243108
2023-11-09,medium_term_alpha\Results\sample_prices.csv,-0.007798733950533543,1.1518706510581276
2023-11-10,medium_term_alpha\Results\sample_prices.csv,0.015604602792852473,1.1698451350366341
2023-11-13,medium_term_alpha\Results\sample_prices.csv,-0.0009530184144708187,1.168730251080865
2023-11-14,medium_term_alpha\Results\sample_prices.csv,0.019400627101669565,1.1914043508645256
2023-11-15,medium_term_alpha\Results\sample_prices.csv,0.0021171187511090928,1.1939266953558938
2023-11-16,medium_term_alpha\Results\sample_prices.csv,0.0012230998035855922,1.1953869868624791
2023-11-17,medium_term_alpha\Results\sample_prices.csv,0.0012437734405070788,1.1968737774478664
2023-11-20,medium_term_alpha\Results\sample_prices.csv,0.007697751151746646,1.206087013946711
2023-11-21,medium_term_alpha\Results\sample_prices.csv,-0.002179437765355785,1.2034584223602103
2023-11-22,medium_term_alpha\Results\sample_prices.csv,0.003860636978706422,1.2081045384479099
2023-11-24,medium_term_alpha\Results\sample_prices.csv,0.0006154785911705041,1.2088481009272205
2023-11-27,medium_term_alpha\Results\sample_prices.csv,-0.001800974105430564,1.2066709968000517
2023-11-28,medium_term_alpha\Results\sample_prices.csv,0.0009900229435098051,1.2078656287721516
2023-11-29,medium_term_alpha\Results\sample_prices.csv,-0.0007032861776791188,1.2070161535709425
2023-11-30,medium_term_alpha\Results\sample_prices.csv,0.003937351428214386,1.211768600347083
2023-12-01,medium_term_alpha\Results\sample_prices.csv,0.005916045805739456,1.218937478892693
2023-12-04,medium_term_alpha\Results\sample_prices.csv,-0.005249572428127514,1.2125385783118867
2023-12-05,medium_term_alpha\Results\sample_prices.csv,-0.0001970326388219812,1.2122996686361285
2023-12-06,medium_term_alpha\Results\sample_prices.csv,-0.004029759860348148,1.2074143920927451
2023-12-07,medium_term_alpha\Results\sample_prices.csv,0.007630412037957557,1.2166274614049728
2023-12-08,medium_term_alpha\Results\sample_prices.csv,0.004299124818565092,1.2218578947192467
2023-12-11,medium_term_alpha\Results\sample_prices.csv,0.0038895933725100473,1.2266104250886958
2023-12-12,medium_term_alpha\Results\sample_prices.csv,0.004567198062799704,1.2322125978459708
2023-12-13,medium_term_alpha\Results\sample_prices.csv,0.013790176970828405,1.249205027635951
2023-12-14,medium_term_alpha\Results\sample_prices.csv,0.0032093491365003946,1.2532141627127065
2023-12-15,medium_term_alpha\Results\sample_prices.csv,-0.0016463666804519272,1.2511509126717457
2023-12-18,medium_term_alpha\Results\sample_prices.csv,0.0056249305978612885,1.258188549722975
2023-12-19,medium_term_alpha\Results\sample_prices.csv,0.006080867262889589,1.265839427285528
2023-12-20,medium_term_alpha\Results\sample_prices.csv,-0.013857315461203057,1.2482982910184037
2023-12-21,medium_term_alpha\Results\sample_prices.csv,0.009481890201113785,1.2601345183520782
2023-12-22,medium_term_alpha\Results\sample_prices.csv,0.002009806438465267,1.2626671448203945
2023-12-26,medium_term_alpha\Results\sample_prices.csv,0.004222475606067366,1.2679987260379815
2023-12-27,medium_term_alpha\Results\sample_prices.csv,0.0018080697026494619,1.2702913561175289
2023-12-28,medium_term_alpha\Results\sample_prices.csv,0.0003777287695538867,1.2707711817084502
2023-12-29,medium_term_alpha\Results\sample_prices.csv,-0.0028949148158422533,1.267092407386977
2024-01-02,medium_term_alpha\Results\sample_prices.csv,-0.005596384862969428,1.260001270618293
2024-01-03,medium_term_alpha\Results\sample_prices.csv,-0.008166659943825372,1.2497112687123655
2024-01-04,medium_term_alpha\Results\sample_prices.csv,-0.0032211595318121233,1.2456857493471396
2024-01-05,medium_term_alpha\Results\sample_prices.csv,0.0013696387133315113,1.247391888774091
2024-01-08,medium_term_alpha\Results\sample_prices.csv,0.014276025907794754,1.2651996876954028
2024-01-09,medium_term_alpha\Results\sample_prices.csv,-0.001517061674658593,1.26328030173841
2024-01-10,medium_term_alpha\Results\sample_prices.csv,0.0056553578038642804,1.2704246038513143
2024-01-11,medium_term_alpha\Results\sample_prices.csv,-0.00044059347730840415,1.2698648630574452
2024-01-12,medium_term_alpha\Results\sample_prices.csv,0.0006927133832714816,1.2707445154430312
2024-01-16,medium_term_alpha\Results\sample_prices.csv,-0.003671214241216858,1.2660793400809887
2024-01-17,medium_term_alpha\Results\sample_prices.csv,-0.005558606659499921,1.2590417030297592
2024-01-18,medium_term_alpha\Results\sample_prices.csv,0.008892665696998758,1.2702379399933827
2024-01-19,medium_term_alpha\Results\sample_prices.csv,0.01246623166803218,1.2860730204268642
2024-01-22,medium_term_alpha\Results\sample_prices.csv,0.0021142836343215343,1.2887921435664953
2024-01-23,medium_term_alpha\Results\sample_prices.csv,0.002916443542260838,1.2925508330909163
2024-01-24,medium_term_alpha\Results\sample_prices.csv,0.001093234595571646,1.2939638943781864
2024-01-25,medium_term_alpha\Results\sample_prices.csv,0.005438884867742022,1.3010016150227244
2024-01-26,medium_term_alpha\Results\sample_prices.csv,-0.0012703468494743575,1.2993488917199192
2024-01-29,medium_term_alpha\Results\sample_prices.csv,0.007919416843935823,1.3096389772191552
2024-01-30,medium_term_alpha\Results\sample_prices.csv,-0.000773547003113384,1.308625909913167
2024-01-31,medium_term_alpha\Results\sample_prices.csv,-0.016317236393248225,1.2872727515907842
2024-02-01,medium_term_alpha\Results\sample_prices.csv,0.013088120238723633,1.304120732143637
2024-02-02,medium_term_alpha\Results\sample_prices.csv,0.010527358922269414,1.3178496791688858
2024-02-05,medium_term_alpha\Results\sample_prices.csv,-0.0036411639088935743,1.3130511724797491
2024-02-06,medium_term_alpha\Results\sample_prices.csv,0.002903242256254046,1.3168632781283163
2024-02-07,medium_term_alpha\Results\sample_prices.csv,0.008340520226539194,1.3278466029351321
2024-02-08,medium_term_alpha\Results\sample_prices.csv,0.0004416225925429895,1.3284330099944197
2024-02-09,medium_term_alpha\Results\sample_prices.csv,0.005779335635972771,1.3361104702290831
2024-02-12,medium_term_alpha\Results\sample_prices.csv,-0.0004388911488638625,1.3355240631697953
2024-02-13,medium_term_alpha\Results\sample_prices.csv,-0.013773024753250818,1.3171298571891956
2024-02-14,medium_term_alpha\Results\sample_prices.csv,0.009087607114390162,1.3290994158499638
2024-02-15,medium_term_alpha\Results\sample_prices.csv,0.00689980012693403,1.3382699361681534
2024-02-16,medium_term_alpha\Results\sample_prices.csv,-0.004979919478028227,1.33160545964617
2024-02-20,medium_term_alpha\Results\sample_prices.csv,-0.005505547230716168,1.3242742428954084
2024-02-21,medium_term_alpha\Results\sample_prices.csv,0.0009059537103861537,1.3254739740593282
2024-02-22,medium_term_alpha\Results\sample_prices.csv,0.02069541033768396,1.3529052018444068
2024-02-23,medium_term_alpha\Results\sample_prices.csv,0.0006896776717688624,1.3538382703541387
2024-02-26,medium_term_alpha\Results\sample_prices.csv,-0.0036624294080084274,1.3488799332591064
2024-02-27,medium_term_alpha\Results\sample_prices.csv,0.001857684256764136,1.3513857262753868
2024-02-28,medium_term_alpha\Results\sample_prices.csv,-0.0013217705217585252,1.3495995044588707
2024-02-29,medium_term_alpha\Results\sample_prices.csv,0.0035951453676152934,1.3544515108654618
2024-03-01,medium_term_alpha\Results\sample_prices.csv,0.009388151605240092,1.3671673069914132
2024-03-04,medium_term_alpha\Results\sample_prices.csv,-0.001072394746922667,1.3657011639532313
2024-03-05,medium_term_alpha\Results\sample_prices.csv,-0.009994034563297172,1.3520522993175474
2024-03-06,medium_term_alpha\Results\sample_prices.csv,0.005067030027941399,1.3589031889175367
2024-03-07,medium_term_alpha\Results\sample_prices.csv,0.009926474478172187,1.3723923067406334
2024-03-08,medium_term_alpha\Results\sample_prices.csv,-0.006002135527416241,1.3641550221187928
2024-03-11,medium_term_alpha\Results\sample_prices.csv,-0.0008599205218474681,1.3629819572202915
2024-03-12,medium_term_alpha\Results\sample_prices.csv,0.010757429798630591,1.3776441399418888
2024-03-13,medium_term_alpha\Results\sample_prices.csv,-0.001567445672765011,1.3754847575961269
2024-03-14,medium_term_alpha\Results\sample_prices.csv,-0.0019768471621474104,1.372765634456496
2024-03-15,medium_term_alpha\Results\sample_prices.csv,-0.0068667216012513466,1.3633392350209181
2024-03-18,medium_term_alpha\Results\sample_prices.csv,0.0059432132470580434,1.3714418508227284
2024-03-19,medium_term_alpha\Results\sample_prices.csv,0.005557194510341201,1.3790632199473727
2024-03-20,medium_term_alpha\Results\sample_prices.csv,0.009249396810094845,1.391818722894873
2024-03-21,medium_term_alpha\Results\sample_prices.csv,0.003304467863495919,1.3964179431364911
2024-03-22,medium_term_alpha\Results\sample_prices.csv,-0.0018955514911461746,1.3937709610221154
2024-03-25,medium_term_alpha\Results\sample_prices.csv,-0.0027631108922107073,1.3899198172984681
2024-03-26,medium_term_alpha\Results\sample_prices.csv,-0.001846796982720944,1.3873529175736572
2024-03-27,medium_term_alpha\Results\sample_prices.csv,0.008403901097215893,1.39901209427988
2024-03-28,medium_term_alpha\Results\sample_prices.csv,-0.00019126509461619978,1.3987445120992985
2024-04-01,medium_term_alpha\Results\sample_prices.csv,-0.0017398233749381653,1.3963109437015817
2024-04-02,medium_term_alpha\Results\sample_prices.csv,-0.006358022610785996,1.3874331671498392
2024-04-03,medium_term_alpha\Results\sample_prices.csv,0.0010985442977609061,1.388957323944136
2024-04-04,medium_term_alpha\Results\sample_prices.csv,-0.01220614153450017,1.3720035142626932
2024-04-05,medium_term_alpha\Results\sample_prices.csv,0.010446882468048369,1.386336673721945
2024-04-08,medium_term_alpha\Results\sample_prices.csv,0.0005595050066020679,1.3871123360317283
2024-04-09,medium_term_alpha\Results\sample_prices.csv,0.0011567123455751283,1.3887168259955158
2024-04-10,medium_term_alpha\Results\sample_prices.csv,-0.010013197674681118,1.374811329902667
2024-04-11,medium_term_alpha\Results\sample_prices.csv,0.007546927515202695,1.3851869313565217
2024-04-12,medium_term_alpha\Results\sample_prices.csv,-0.013803104158051971,1.3660670518646352
2024-04-15,medium_term_alpha\Results\sample_prices.csv,-0.012528100445097223,1.3489528266241373
2024-04-16,medium_term_alpha\Results\sample_prices.csv,-0.0018238107475504473,1.3464925919610016
2024-04-17,medium_term_alpha\Results\sample_prices.csv,-0.005918302223910765,1.3385236418595194
2024-04-18,medium_term_alpha\Results\sample_prices.csv,-0.0020576643124392557,1.335769409530309
2024-04-19,medium_term_alpha\Results\sample_prices.csv,-0.008728372599140721,1.3241103164173942
2024-04-22,medium_term_alpha\Results\sample_prices.csv,0.00920908126486597,1.3363041559249293
2024-04-23,medium_term_alpha\Results\sample_prices.csv,0.011866672246626297,1.352161639365095
2024-04-24,medium_term_alpha\Results\sample_prices.csv,-0.000474669155042573,1.3515198099422567
2024-04-25,medium_term_alpha\Results\sample_prices.csv,-0.003798847326095478,1.3463855925260926
2024-04-26,medium_term_alpha\Results\sample_prices.csv,0.009473885503757051,1.359141095473593
2024-04-29,medium_term_alpha\Results\sample_prices.csv,0.0035414297461646704,1.363954398178338
2024-04-30,medium_term_alpha\Results\sample_prices.csv,-0.01584115514615536,1.342347784944514
2024-05-01,medium_term_alpha\Results\sample_prices.csv,-0.003247213224846335,1.337988895464899
2024-05-02,medium_term_alpha\Results\sample_prices.csv,0.009353406639900363,1.3505036496838534
2024-05-03,medium_term_alpha\Results\sample_prices.csv,0.012395297420226381,1.367243544088786
2024-05-06,medium_term_alpha\Results\sample_prices.csv,0.010326856423710673,1.3813628718648363
2024-05-07,medium_term_alpha\Results\sample_prices.csv,0.0011034322831826593,1.382887112252442
2024-05-08,medium_term_alpha\Results\sample_prices.csv,9.665698605743067e-05,1.38302077795277
2024-05-09,medium_term_alpha\Results\sample_prices.csv,0.005761807377437034,1.390989477274327
2024-05-10,medium_term_alpha\Results\sample_prices.csv,0.0012882240957041713,1.3927813834358227
2024-05-13,medium_term_alpha\Results\sample_prices.csv,0.00013426244304337587,1.3929683816669882
2024-05-14,medium_term_alpha\Results\sample_prices.csv,0.0045880145598484745,1.399359340883485
2024-05-15,medium_term_alpha\Results\sample_prices.csv,0.012383089025577387,1.4166877321804185
2024-05-16,medium_term_alpha\Results\sample_prices.csv,-0.0020574269229312048,1.4137730006988443
2024-05-17,medium_term_alpha\Results\sample_prices.csv,0.0014375154397507917,1.4158053212156516
2024-05-20,medium_term_alpha\Results\sample_prices.csv,0.001152163929652561,1.4174365610381665
2024-05-21,medium_term_alpha\Results\sample_prices.csv,0.002452651928423144,1.4209130395530143
2024-05-22,medium_term_alpha\Results\sample_prices.csv,-0.002879527434167306,1.4168214814740554
2024-05-23,medium_term_alpha\Results\sample_prices.csv,-0.007304155494412545,1.406472797065545
2024-05-24,medium_term_alpha\Results\sample_prices.csv,0.0066165101077051425,1.4157787385435416
2024-05-28,medium_term_alpha\Results\sample_prices.csv,0.0006987272701077796,1.4167679817566008
2024-05-29,medium_term_alpha\Results\sample_prices.csv,-0.007002690882683349,1.4068467935278761
2024-05-30,medium_term_alpha\Results\sample_prices.csv,-0.006633586968909255,1.3975143529710778
2024-05-31,medium_term_alpha\Results\sample_prices.csv,0.009107958198630861,1.410242855279925
2024-06-03,medium_term_alpha\Results\sample_prices.csv,0.0008156353502999369,1.4113930992051993
2024-06-04,medium_term_alpha\Results\sample_prices.csv,0.00111774169742751,1.4129706721236424
2024-06-05,medium_term_alpha\Results\sample_prices.csv,0.011885168215945763,1.4297640662460298
2024-06-06,medium_term_alpha\Results\sample_prices.csv,-1.8592348722257235e-05,1.4297374835739196
2024-06-07,medium_term_alpha\Results\sample_prices.csv,-0.0012157751177361842,1.4279992443164957
2024-06-10,medium_term_alpha\Results\sample_prices.csv,0.003089675881409404,1.4324112991403313
2024-06-11,medium_term_alpha\Results\sample_prices.csv,0.002408453385426501,1.435861194983069
2024-06-12,medium_term_alpha\Results\sample_prices.csv,0.008213079681904878,1.4476540373896203
2024-06-13,medium_term_alpha\Results\sample_prices.csv,0.0020134171606567275,1.4505687688711946
2024-06-14,medium_term_alpha\Results\sample_prices.csv,0.0006083206695906007,1.4514511798359615
2024-06-17,medium_term_alpha\Results\sample_prices.csv,0.007958880499648435,1.4630031063273496
2024-06-18,medium_term_alpha\Results\sample_prices.csv,0.0025407055123127797,1.4667201663841263
2024-06-20,medium_term_alpha\Results\sample_prices.csv,-0.0027163034745887327,1.4627361092999278
2024-06-21,medium_term_alpha\Results\sample_prices.csv,-0.001340705958837951,1.4607750102819819
2024-06-24,medium_term_alpha\Results\sample_prices.csv,-0.0032507411822658705,1.4560264087980335
2024-06-25,medium_term_alpha\Results\sample_prices.csv,0.0038509636422781046,1.4616335135605114
2024-06-26,medium_term_alpha\Results\sample_prices.csv,0.0012479229403581371,1.46345751955248
2024-06-27,medium_term_alpha\Results\sample_prices.csv,0.0015766378395136726,1.465764862054327
2024-06-28,medium_term_alpha\Results\sample_prices.csv,-0.003935104761613628,1.4599969237662511
2024-07-01,medium_term_alpha\Results\sample_prices.csv,0.0020578883736119824,1.463001434461179
2024-07-02,medium_term_alpha\Results\sample_prices.csv,0.00672974041303398,1.472847054338999
2024-07-03,medium_term_alpha\Results\sample_prices.csv,0.004462632181101656,1.479419829001533
2024-07-05,medium_term_alpha\Results\sample_prices.csv,0.005766470977847771,1.4879508605095229
2024-07-08,medium_term_alpha\Results\sample_prices.csv,0.0011539403636429135,1.489667867066582
2024-07-09,medium_term_alpha\Results\sample_prices.csv,0.0009724798854346961,1.4911165391032826
2024-07-10,medium_term_alpha\Results\sample_prices.csv,0.009895418424408886,1.505871761177266
2024-07-11,medium_term_alpha\Results\sample_prices.csv,-0.00862272348431481,1.4928870453777963
2024-07-12,medium_term_alpha\Results\sample_prices.csv,0.006307432752130193,1.502303330023043
2024-07-15,medium_term_alpha\Results\sample_prices.csv,0.002750343403421507,1.5064351800767102
2024-07-16,medium_term_alpha\Results\sample_prices.csv,0.005929969931749657,1.5153682953986949
2024-07-17,medium_term_alpha\Results\sample_prices.csv,-0.014021065689695633,1.4941212169848277
2024-07-18,medium_term_alpha\Results\sample_prices.csv,-0.007684813223276632,1.4826391744993646
2024-07-19,medium_term_alpha\Results\sample_prices.csv,-0.006640829690999328,1.4727932202483105
2024-07-22,medium_term_alpha\Results\sample_prices.csv,0.01031015371636057,1.4879779447414843
2024-07-23,medium_term_alpha\Results\sample_prices.csv,-0.0015687460660562813,1.4856436851942925
2024-07-24,medium_term_alpha\Results\sample_prices.csv,-0.022662483372983044,1.4519753098803996
2024-07-25,medium_term_alpha\Results\sample_prices.csv,-0.005210277592075707,1.4444101154590825
2024-07-26,medium_term_alpha\Results\sample_prices.csv,0.01119971183544255,1.4605870925244224
2024-07-29,medium_term_alpha\Results\sample_prices.csv,0.000587779587347903,1.4614455958029522
2024-07-30,medium_term_alpha\Results\sample_prices.csv,-0.005066577985250231,1.4540410677206161
2024-07-31,medium_term_alpha\Results\sample_prices.csv,0.01625481740264645,1.4776762397723637
2024-08-01,medium_term_alpha\Results\sample_prices.csv,-0.014160912663302883,1.4567509955963094
2024-08-02,medium_term_alpha\Results\sample_prices.csv,-0.0186184995093146,1.429628477899606
2024-08-05,medium_term_alpha\Results\sample_prices.csv,-0.029123758901492658,1.38799232279055
2024-08-06,medium_term_alpha\Results\sample_prices.csv,0.009219585900067662,1.4007890372391518
2024-08-07,medium_term_alpha\Results\sample_prices.csv,-0.006683936466439944,1.3914262523113599
2024-08-08,medium_term_alpha\Results\sample_prices.csv,0.023117253053390074,1.4235922050911718
2024-08-09,medium_term_alpha\Results\sample_prices.csv,0.00440963576112674,1.429869728188003
2024-08-12,medium_term_alpha\Results\sample_prices.csv,0.0005254581184506169,1.4306210648450062
2024-08-13,medium_term_alpha\Results\sample_prices.csv,0.016445540515162227,1.4541484015287593
2024-08-14,medium_term_alpha\Results\sample_prices.csv,0.0031548367188043436,1.458736002300493
2024-08-15,medium_term_alpha\Results\sample_prices.csv,0.01714013072027254,1.4837389280662912
2024-08-16,medium_term_alpha\Results\sample_prices.csv,0.002242092084427938,1.4870656073722661
2024-08-19,medium_term_alpha\Results\sample_prices.csv,0.00956137091474707,1.501283993218916
2024-08-20,medium_term_alpha\Results\sample_prices.csv,-0.0016258913169607814,1.4988430686100491
2024-08-21,medium_term_alpha\Results\sample_prices.csv,0.003436440682692554,1.5039937539079924
2024-08-22,medium_term_alpha\Results\sample_prices.csv,-0.007848466045301983,1.4921897099980992
2024-08-23,medium_term_alpha\Results\sample_prices.csv,0.010625308253151111,1.508044685639009
2024-08-26,medium_term_alpha\Results\sample_prices.csv,-0.002383890782924558,1.5044496718126759
2024-08-27,medium_term_alpha\Results\sample_prices.csv,0.0013730986678519574,1.5065154296528922
2024-08-28,medium_term_alpha\Results\sample_prices.csv,-0.005805139307251905,1.4977698977152327
2024-08-29,medium_term_alpha\Results\sample_prices.csv,8.929895963372125e-05,1.4979036470088694
2024-08-30,medium_term_alpha\Results\sample_prices.csv,0.009546099317694123,1.5122027839915522
2024-09-03,medium_term_alpha\Results\sample_prices.csv,-0.020578996194471677,1.4810831686545205
2024-09-04,medium_term_alpha\Results\sample_prices.csv,-0.002046876901344641,1.4780515737276312
2024-09-05,medium_term_alpha\Results\sample_prices.csv,-0.0024322654839888935,1.474456559901298
2024-09-06,medium_term_alpha\Results\sample_prices.csv,-0.01682993496254659,1.449641551893059
2024-09-09,medium_term_alpha\Results\sample_prices.csv,0.011196200027240755,1.4658720286758533
2024-09-10,medium_term_alpha\Results\sample_prices.csv,0.0043556714229291416,1.4722568855808278
2024-09-11,medium_term_alpha\Results\sample_prices.csv,0.010258947550831232,1.4873606917513515
2024-09-12,medium_term_alpha\Results\sample_prices.csv,0.00842317294279371,1.4998889880862865
2024-09-13,medium_term_alpha\Results\sample_prices.csv,0.005222850617956354,1.5077226842145788
2024-09-16,medium_term_alpha\Results\sample_prices.csv,0.0014769019367719682,1.5099494427670104
2024-09-17,medium_term_alpha\Results\sample_prices.csv,0.00040856905497976825,1.5105663613839089
2024-09-18,medium_term_alpha\Results\sample_prices.csv,-0.0029658410855042394,1.506086261606936
2024-09-19,medium_term_alpha\Results\sample_prices.csv,0.017064491041375307,1.5317868571256659
2024-09-20,medium_term_alpha\Results\sample_prices.csv,-0.0017286358271398905,1.5291389554848964
2024-09-23,medium_term_alpha\Results\sample_prices.csv,0.002498824661338439,1.5329600056174755
2024-09-24,medium_term_alpha\Results\sample_prices.csv,0.002861332369231473,1.537346313702286
2024-09-25,medium_term_alpha\Results\sample_prices.csv,-0.0022055614600836604,1.5339556019219827
2024-09-26,medium_term_alpha\Results\sample_prices.csv,0.003964530125524446,1.5400370151170193
2024-09-27,medium_term_alpha\Results\sample_prices.csv,-0.0014501462033537083,1.5378037362865231
2024-09-30,medium_term_alpha\Results\sample_prices.csv,0.004007337580792303,1.543966234990827
2024-10-01,medium_term_alpha\Results\sample_prices.csv,-0.008958539952465538,1.5301345517894038
2024-10-02,medium_term_alpha\Results\sample_prices.csv,0.0004219725084146919,1.5307802265044343
2024-10-03,medium_term_alpha\Results\sample_prices.csv,-0.0018282859426108633,1.5279815225350897
2024-10-04,medium_term_alpha\Results\sample_prices.csv,0.009087599734642682,1.5418672070138184
2024-10-07,medium_term_alpha\Results\sample_prices.csv,-0.009040673869972649,1.5279276884444009
2024-10-08,medium_term_alpha\Results\sample_prices.csv,0.009457651803167932,1.5423782965021273
2024-10-09,medium_term_alpha\Results\sample_prices.csv,0.006926570504826257,1.5530616885179631
2024-10-10,medium_term_alpha\Results\sample_prices.csv,-0.0017500610912019043,1.5503437356846514
2024-10-11,medium_term_alpha\Results\sample_prices.csv,0.005988159557293038,1.5596274413425808
2024-10-14,medium_term_alpha\Results\sample_prices.csv,0.00817823606429302,1.5723824427302298
2024-10-15,medium_term_alpha\Results\sample_prices.csv,-0.007769522317706223,1.560165782249468
2024-10-16,medium_term_alpha\Results\sample_prices.csv,0.004346282989862171,1.5669467042502239
2024-10-17,medium_term_alpha\Results\sample_prices.csv,8.589011123150136e-05,1.5670812894769457
2024-10-18,medium_term_alpha\Results\sample_prices.csv,0.003846479650699397,1.5731090357679105
2024-10-21,medium_term_alpha\Results\sample_prices.csv,-0.0016420987746166293,1.5705258353479377
2024-10-22,medium_term_alpha\Results\sample_prices.csv,-0.0005311986598890428,1.5696915741288797
2024-10-23,medium_term_alpha\Results\sample_prices.csv,-0.009137425538076616,1.555348634252531
2024-10-24,medium_term_alpha\Results\sample_prices.csv,0.0021628346516617825,1.558712596174107
2024-10-25,medium_term_alpha\Results\sample_prices.csv,-0.0003452680895702498,1.558174422453837
2024-10-28,medium_term_alpha\Results\sample_prices.csv,0.003091318631785356,1.56299123607754
2024-10-29,medium_term_alpha\Results\sample_prices.csv,0.0016184996077563962,1.5655209367800582
2024-10-30,medium_term_alpha\Results\sample_prices.csv,-0.003025551390748671,1.5607843727325372
2024-10-31,medium_term_alpha\Results\sample_prices.csv,-0.019603062776375357,1.5301882186934757
2024-11-01,medium_term_alpha\Results\sample_prices.csv,0.004220669678132172,1.5366466377099504
2024-11-04,medium_term_alpha\Results\sample_prices.csv,-0.0021540154795790523,1.53333667706568
2024-11-05,medium_term_alpha\Results\sample_prices.csv,0.012091927433606653,1.5518776728960457
2024-11-06,medium_term_alpha\Results\sample_prices.csv,0.02486558299940067,1.590466015976359
2024-11-07,medium_term_alpha\Results\sample_prices.csv,0.007732165205981856,1.6027637619663881
2024-11-08,medium_term_alpha\Results\sample_prices.csv,0.00433153309150458,1.60970618623921
2024-11-11,medium_term_alpha\Results\sample_prices.csv,0.0009529299349826381,1.611240123450604
2024-11-12,medium_term_alpha\Results\sample_prices.csv,-0.003106343791748234,1.6062350576961075
2024-11-13,medium_term_alpha\Results\sample_prices.csv,0.0004857694632012244,1.6070153176378597
2024-11-14,medium_term_alpha\Results\sample_prices.csv,-0.00643012118573405,1.5966820143981173
2024-11-15,medium_term_alpha\Results\sample_prices.csv,-0.012808605553460195,1.5762307442813877
2024-11-18,medium_term_alpha\Results\sample_prices.csv,0.00409727563891793,1.5826889961112454
2024-11-19,medium_term_alpha\Results\sample_prices.csv,0.0036554831031749835,1.588474488994111
2024-11-20,medium_term_alpha\Results\sample_prices.csv,0.0003389043454062879,1.589012829900998
2024-11-21,medium_term_alpha\Results\sample_prices.csv,0.005368235809295685,1.5975430254759029
2024-11-22,medium_term_alpha\Results\sample_prices.csv,0.0030993837232957677,1.6024944243263275
2024-11-25,medium_term_alpha\Results\sample_prices.csv,0.0033921526241242894,1.6079303299929506
2024-11-26,medium_term_alpha\Results\sample_prices.csv,0.005221376941263234,1.6163259403411336
2024-11-27,medium_term_alpha\Results\sample_prices.csv,-0.003030060111948951,1.6114283755813976
2024-11-29,medium_term_alpha\Results\sample_prices.csv,0.00621216929893964,1.6214388414636245
2024-12-02,medium_term_alpha\Results\sample_prices.csv,0.0017922586428635867,1.6243448792411124
2024-12-03,medium_term_alpha\Results\sample_prices.csv,0.0004640913797882007,1.6250987236973713
2024-12-04,medium_term_alpha\Results\sample_prices.csv,0.006209396695646685,1.6351896063423974
2024-12-05,medium_term_alpha\Results\sample_prices.csv,-0.00164570260080521,1.6324985705544302
2024-12-06,medium_term_alpha\Results\sample_prices.csv,0.0018957391595642026,1.6355933620225627
2024-12-09,medium_term_alpha\Results\sample_prices.csv,-0.005149524074316347,1.6271708346290354
2024-12-10,medium_term_alpha\Results\sample_prices.csv,-0.003109118553587864,1.6221117675972332
2024-12-11,medium_term_alpha\Results\sample_prices.csv,0.007730456849757372,1.6346514326221273
2024-12-12,medium_term_alpha\Results\sample_prices.csv,-0.005152491366319456,1.6262289052286
2024-12-13,medium_term_alpha\Results\sample_prices.csv,-0.0001987246258569053,1.6259057334978508
2024-12-16,medium_term_alpha\Results\sample_prices.csv,0.004269983995014881,1.6328483249572896
2024-12-17,medium_term_alpha\Results\sample_prices.csv,-0.004119848614991817,1.6261212370472227
2024-12-18,medium_term_alpha\Results\sample_prices.csv,-0.02980357345545892,1.577657013311404
2024-12-19,medium_term_alpha\Results\sample_prices.csv,-0.00030710529101718453,1.5771725064952058
2024-12-20,medium_term_alpha\Results\sample_prices.csv,0.012010996856451017,1.5961159205128006
2024-12-23,medium_term_alpha\Results\sample_prices.csv,0.005988428509658306,1.605674146595919
2024-12-24,medium_term_alpha\Results\sample_prices.csv,0.01111496016850344,1.6235211507789284
2024-12-26,medium_term_alpha\Results\sample_prices.csv,6.652365111459169e-05,1.62362915333354
2024-12-27,medium_term_alpha\Results\sample_prices.csv,-0.010526513060112985,1.6065379998461944
2024-12-30,medium_term_alpha\Results\sample_prices.csv,-0.011411504539896478,1.5882049841674333
