date,source_dataset,gross_strategy_return,net_strategy_return,benchmark_return,turnover,trading_cost,cumulative_net_return
2023-01-03,medium_term_alpha\Results\sample_prices.csv,0.0,0.0,0.0,0.0,0.0,1.0
2023-01-04,medium_term_alpha\Results\sample_prices.csv,0.0,0.0,0.007720343601935298,0.0,0.0,1.0
2023-01-05,medium_term_alpha\Results\sample_prices.csv,0.0,0.0,-0.01141348727618885,0.0,0.0,1.0
2023-01-06,medium_term_alpha\Results\sample_prices.csv,0.0,0.0,0.022932094678675297,0.0,0.0,1.0
2023-01-09,medium_term_alpha\Results\sample_prices.csv,0.0,0.0,-0.0005667417345858183,0.0,0.0,1.0
2023-01-10,medium_term_alpha\Results\sample_prices.csv,0.0,0.0,0.007012655873617657,0.0,0.0,1.0
2023-01-11,medium_term_alpha\Results\sample_prices.csv,0.0,0.0,0.012648022253972657,0.0,0.0,1.0
2023-01-12,medium_term_alpha\Results\sample_prices.csv,0.0,0.0,0.003640562980162132,0.0,0.0,1.0
2023-01-13,medium_term_alpha\Results\sample_prices.csv,0.0,0.0,0.003879569041204345,0.0,0.0,1.0
2023-01-17,medium_term_alpha\Results\sample_prices.csv,0.0,0.0,-0.0018317533362395277,0.0,0.0,1.0
2023-01-18,medium_term_alpha\Results\sample_prices.csv,0.0,0.0,-0.01578814980011012,0.0,0.0,1.0
2023-01-19,medium_term_alpha\Results\sample_prices.csv,0.0,0.0,-0.007279724205585092,0.0,0.0,1.0
2023-01-20,medium_term_alpha\Results\sample_prices.csv,0.0,0.0,0.018628918236243797,0.0,0.0,1.0
2023-01-23,medium_term_alpha\Results\sample_prices.csv,0.0,0.0,0.011998543876574175,0.0,0.0,1.0
2023-01-24,medium_term_alpha\Results\sample_prices.csv,0.0,0.0,-0.0010730259984728097,0.0,0.0,1.0
2023-01-25,medium_term_alpha\Results\sample_prices.csv,0.0,0.0,0.000374578430232253,0.0,0.0,1.0
2023-01-26,medium_term_alpha\Results\sample_prices.csv,0.0,0.0,0.010990464111703346,0.0,0.0,1.0
2023-01-27,medium_term_alpha\Results\sample_prices.csv,0.0,0.0,0.002297632297507457,0.0,0.0,1.0
2023-01-30,medium_term_alpha\Results\sample_prices.csv,0.0,0.0,-0.012546762666705291,0.0,0.0,1.0
2023-01-31,medium_term_alpha\Results\sample_prices.csv,0.0,0.0,0.014703368599813249,0.0,0.0,1.0
2023-02-01,medium_term_alpha\Results\sample_prices.csv,0.0,0.0,0.010627753502342907,0.0,0.0,1.0
2023-02-02,medium_term_alpha\Results\sample_prices.csv,0.0,0.0,0.014556926565048478,0.0,0.0,1.0
2023-02-03,medium_term_alpha\Results\sample_prices.csv,0.0,0.0,-0.010629080168557237,0.0,0.0,1.0
2023-02-06,medium_term_alpha\Results\sample_prices.csv,0.0,0.0,-0.006111263755458007,0.0,0.0,1.0
2023-02-07,medium_term_alpha\Results\sample_prices.csv,0.0,0.0,0.013078559832082837,0.0,0.0,1.0
2023-02-08,medium_term_alpha\Results\sample_prices.csv,0.0,0.0,-0.010934690880718856,0.0,0.0,1.0
2023-02-09,medium_term_alpha\Results\sample_prices.csv,0.0,0.0,-0.008669173695883714,0.0,0.0,1.0
2023-02-10,medium_term_alpha\Results\sample_prices.csv,0.0,0.0,0.002333690441745695,0.0,0.0,1.0
2023-02-13,medium_term_alpha\Results\sample_prices.csv,0.0,0.0,0.011738884138962735,0.0,0.0,1.0
2023-02-14,medium_term_alpha\Results\sample_prices.csv,0.0,0.0,-0.00046012521852478727,0.0,0.0,1.0
2023-02-15,medium_term_alpha\Results\sample_prices.csv,0.0,0.0,0.003247432041463272,0.0,0.0,1.0
2023-02-16,medium_term_alpha\Results\sample_prices.csv,0.0,0.0,-0.01376879219361915,0.0,0.0,1.0
2023-02-17,medium_term_alpha\Results\sample_prices.csv,0.0,0.0,-0.002498502567038874,0.0,0.0,1.0
2023-02-21,medium_term_alpha\Results\sample_prices.csv,0.0,0.0,-0.020060910302770907,0.0,0.0,1.0
2023-02-22,medium_term_alpha\Results\sample_prices.csv,0.0,0.0,-0.001377965977042983,0.0,0.0,1.0
2023-02-23,medium_term_alpha\Results\sample_prices.csv,0.0,0.0,0.005319458670235866,0.0,0.0,1.0
2023-02-24,medium_term_alpha\Results\sample_prices.csv,0.0,0.0,-0.010682417607301486,0.0,0.0,1.0
2023-02-27,medium_term_alpha\Results\sample_prices.csv,0.0,0.0,0.003405703119158554,0.0,0.0,1.0
2023-02-28,medium_term_alpha\Results\sample_prices.csv,0.0,0.0,-0.0036958915782159263,0.0,0.0,1.0
2023-03-01,medium_term_alpha\Results\sample_prices.csv,0.0,0.0,-0.0038359706217141465,0.0,0.0,1.0
2023-03-02,medium_term_alpha\Results\sample_prices.csv,0.0,0.0,0.007777371324460436,0.0,0.0,1.0
2023-03-03,medium_term_alpha\Results\sample_prices.csv,0.0,0.0,0.01603791559912482,0.0,0.0,1.0
2023-03-06,medium_term_alpha\Results\sample_prices.csv,0.0,0.0,0.0006926152985125,0.0,0.0,1.0
2023-03-07,medium_term_alpha\Results\sample_prices.csv,0.0,0.0,-0.01532867758988421,0.0,0.0,1.0
2023-03-08,medium_term_alpha\Results\sample_prices.csv,0.0,0.0,0.001632105030223041,0.0,0.0,1.0
2023-03-09,medium_term_alpha\Results\sample_prices.csv,0.0,0.0,-0.018449866477869392,0.0,0.0,1.0
2023-03-10,medium_term_alpha\Results\sample_prices.csv,0.0,0.0,-0.014429527800523867,0.0,0.0,1.0
2023-03-13,medium_term_alpha\Results\sample_prices.csv,0.0,0.0,-0.0014251926076414012,0.0,0.0,1.0
2023-03-14,medium_term_alpha\Results\sample_prices.csv,0.0,0.0,0.016530121735984116,0.0,0.0,1.0
2023-03-15,medium_term_alpha\Results\sample_prices.csv,0.0,0.0,-0.0062543288932490615,0.0,0.0,1.0
2023-03-16,medium_term_alpha\Results\sample_prices.csv,0.0,0.0,0.017545172378967466,0.0,0.0,1.0
2023-03-17,medium_term_alpha\Results\sample_prices.csv,0.0,0.0,-0.011692612343420672,0.0,0.0,1.0
2023-03-20,medium_term_alpha\Results\sample_prices.csv,0.0,0.0,0.009615617620955863,0.0,0.0,1.0
2023-03-21,medium_term_alpha\Results\sample_prices.csv,0.0,0.0,0.013130588570542168,0.0,0.0,1.0
2023-03-22,medium_term_alpha\Results\sample_prices.csv,0.0,0.0,-0.017046661485448977,0.0,0.0,1.0
2023-03-23,medium_term_alpha\Results\sample_prices.csv,0.0,0.0,0.00270341923573425,0.0,0.0,1.0
2023-03-24,medium_term_alpha\Results\sample_prices.csv,0.0,0.0,0.006561987609382758,0.0,0.0,1.0
2023-03-27,medium_term_alpha\Results\sample_prices.csv,0.0,0.0,0.0018698430867170046,0.0,0.0,1.0
2023-03-28,medium_term_alpha\Results\sample_prices.csv,0.0,0.0,-0.002244678965476865,0.0,0.0,1.0
2023-03-29,medium_term_alpha\Results\sample_prices.csv,0.0,0.0,0.01453497693514838,0.0,0.0,1.0
2023-03-30,medium_term_alpha\Results\sample_prices.csv,0.0,0.0,0.005855224050304031,0.0,0.0,1.0
2023-03-31,medium_term_alpha\Results\sample_prices.csv,0.0,0.0,0.014094712654368902,0.0,0.0,1.0
2023-04-03,medium_term_alpha\Results\sample_prices.csv,0.0,0.0,0.003810373847181525,0.0,0.0,1.0
2023-04-04,medium_term_alpha\Results\sample_prices.csv,0.0,0.0,-0.005548129667958812,0.0,0.0,1.0
2023-04-05,medium_term_alpha\Results\sample_prices.csv,0.0,0.0,-0.0026180834151888766,0.0,0.0,1.0
2023-04-06,medium_term_alpha\Results\sample_prices.csv,0.0,0.0,0.0039007879068728712,0.0,0.0,1.0
2023-04-10,medium_term_alpha\Results\sample_prices.csv,0.0,0.0,0.0010264340082914991,0.0,0.0,1.0
2023-04-11,medium_term_alpha\Results\sample_prices.csv,0.0,0.0,0.00026857811078340177,0.0,0.0,1.0
2023-04-12,medium_term_alpha\Results\sample_prices.csv,0.0,0.0,-0.004075965911426116,0.0,0.0,1.0
2023-04-13,medium_term_alpha\Results\sample_prices.csv,0.0,0.0,0.013282529377335539,0.0,0.0,1.0
2023-04-14,medium_term_alpha\Results\sample_prices.csv,0.0,0.0,-0.002442804556537115,0.0,0.0,1.0
2023-04-17,medium_term_alpha\Results\sample_prices.csv,0.0,0.0,0.003588411348147913,0.0,0.0,1.0
2023-04-18,medium_term_alpha\Results\sample_prices.csv,0.0,0.0,0.0006521253640527913,0.0,0.0,1.0
2023-04-19,medium_term_alpha\Results\sample_prices.csv,0.0,0.0,-0.00016866728422004762,0.0,0.0,1.0
2023-04-20,medium_term_alpha\Results\sample_prices.csv,0.0,0.0,-0.005457226709459251,0.0,0.0,1.0
2023-04-21,medium_term_alpha\Results\sample_prices.csv,0.0,0.0,0.0007768860313581705,0.0,0.0,1.0
2023-04-24,medium_term_alpha\Results\sample_prices.csv,0.0,0.0,0.0010430965519034885,0.0,0.0,1.0
2023-04-25,medium_term_alpha\Results\sample_prices.csv,0.0,0.0,-0.015873777110465337,0.0,0.0,1.0
2023-04-26,medium_term_alpha\Results\sample_prices.csv,0.0,0.0,-0.004235580626599789,0.0,0.0,1.0
2023-04-27,medium_term_alpha\Results\sample_prices.csv,0.0,0.0,0.01990789467492582,0.0,0.0,1.0
2023-04-28,medium_term_alpha\Results\sample_prices.csv,0.0,0.0,0.008535303816583406,0.0,0.0,1.0
2023-05-01,medium_term_alpha\Results\sample_prices.csv,0.0,0.0,-0.00100964854059582,0.0,0.0,1.0
2023-05-02,medium_term_alpha\Results\sample_prices.csv,0.0,0.0,-0.0112394753466456,0.0,0.0,1.0
2023-05-03,medium_term_alpha\Results\sample_prices.csv,0.0,0.0,-0.006863939508532257,0.0,0.0,1.0
2023-05-04,medium_term_alpha\Results\sample_prices.csv,0.0,0.0,-0.007082760345091588,0.0,0.0,1.0
2023-05-05,medium_term_alpha\Results\sample_prices.csv,0.0,0.0,0.018512392502110675,0.0,0.0,1.0
2023-05-08,medium_term_alpha\Results\sample_prices.csv,0.0,0.0,0.0002665355815778536,0.0,0.0,1.0
2023-05-09,medium_term_alpha\Results\sample_prices.csv,0.0,0.0,-0.004385293615054242,0.0,0.0,1.0
2023-05-10,medium_term_alpha\Results\sample_prices.csv,0.0,0.0,0.004672324524475302,0.0,0.0,1.0
2023-05-11,medium_term_alpha\Results\sample_prices.csv,0.0,0.0,-0.0017439252782979198,0.0,0.0,1.0
2023-05-12,medium_term_alpha\Results\sample_prices.csv,0.0,0.0,-0.00131020966278661,0.0,0.0,1.0
2023-05-15,medium_term_alpha\Results\sample_prices.csv,0.0,0.0,0.0034499090541564303,0.0,0.0,1.0
2023-05-16,medium_term_alpha\Results\sample_prices.csv,0.0,0.0,-0.006682674802190425,0.0,0.0,1.0
2023-05-17,medium_term_alpha\Results\sample_prices.csv,0.0,0.0,0.012138975554691012,0.0,0.0,1.0
2023-05-18,medium_term_alpha\Results\sample_prices.csv,0.0,0.0,0.009633264318818835,0.0,0.0,1.0
2023-05-19,medium_term_alpha\Results\sample_prices.csv,0.0,0.0,-0.0014551216826217406,0.0,0.0,1.0
2023-05-22,medium_term_alpha\Results\sample_prices.csv,0.0,0.0,0.00040620359709109266,0.0,0.0,1.0
2023-05-23,medium_term_alpha\Results\sample_prices.csv,0.0,0.0,-0.011222857144587817,0.0,0.0,1.0
2023-05-24,medium_term_alpha\Results\sample_prices.csv,0.0,0.0,-0.00724491504226632,0.0,0.0,1.0
2023-05-25,medium_term_alpha\Results\sample_prices.csv,0.0,0.0,0.008660066155286472,0.0,0.0,1.0
2023-05-26,medium_term_alpha\Results\sample_prices.csv,0.0,0.0,0.012950730063640892,0.0,0.0,1.0
2023-05-30,medium_term_alpha\Results\sample_prices.csv,0.0,0.0,0.00038083948529288314,0.0,0.0,1.0
2023-05-31,medium_term_alpha\Results\sample_prices.csv,0.0,0.0,-0.005545278833438583,0.0,0.0,1.0
2023-06-01,medium_term_alpha\Results\sample_prices.csv,0.0,0.0,0.009501064701213924,0.0,0.0,1.0
2023-06-02,medium_term_alpha\Results\sample_prices.csv,0.0,0.0,0.01446119491777531,0.0,0.0,1.0
2023-06-05,medium_term_alpha\Results\sample_prices.csv,0.0,0.0,-0.0019161770370904607,0.0,0.0,1.0
2023-06-06,medium_term_alpha\Results\sample_prices.csv,0.0,0.0,0.0021774354866517243,0.0,0.0,1.0
2023-06-07,medium_term_alpha\Results\sample_prices.csv,0.0,0.0,-0.003457804669673714,0.0,0.0,1.0
2023-06-08,medium_term_alpha\Results\sample_prices.csv,0.0,0.0,0.006048549132575465,0.0,0.0,1.0
2023-06-09,medium_term_alpha\Results\sample_prices.csv,0.0,0.0,0.0017943807158427028,0.0,0.0,1.0
2023-06-12,medium_term_alpha\Results\sample_prices.csv,0.0,0.0,0.009071870848922803,0.0,0.0,1.0
2023-06-13,medium_term_alpha\Results\sample_prices.csv,0.0,0.0,0.006592905141016958,0.0,0.0,1.0
2023-06-14,medium_term_alpha\Results\sample_prices.csv,0.0,0.0,0.001190779577883383,0.0,0.0,1.0
2023-06-15,medium_term_alpha\Results\sample_prices.csv,0.0,0.0,0.012397712470477273,0.0,0.0,1.0
2023-06-16,medium_term_alpha\Results\sample_prices.csv,0.0,0.0,-0.0034063137609057215,0.0,0.0,1.0
2023-06-20,medium_term_alpha\Results\sample_prices.csv,0.0,0.0,-0.005188118453110846,0.0,0.0,1.0
2023-06-21,medium_term_alpha\Results\sample_prices.csv,0.0,0.0,-0.005123752099032042,0.0,0.0,1.0
2023-06-22,medium_term_alpha\Results\sample_prices.csv,0.0,0.0,0.003609732759478179,0.0,0.0,1.0
2023-06-23,medium_term_alpha\Results\sample_prices.csv,0.0,0.0,-0.007560042937187483,0.0,0.0,1.0
2023-06-26,medium_term_alpha\Results\sample_prices.csv,0.0,0.0,-0.004085672584312028,0.0,0.0,1.0
2023-06-27,medium_term_alpha\Results\sample_prices.csv,0.0,0.0,0.010963257955930672,0.0,0.0,1.0
2023-06-28,medium_term_alpha\Results\sample_prices.csv,0.0,0.0,0.0005044633488615613,0.0,0.0,1.0
2023-06-29,medium_term_alpha\Results\sample_prices.csv,0.0,0.0,0.003941359132847655,0.0,0.0,1.0
2023-06-30,medium_term_alpha\Results\sample_prices.csv,0.0,0.0,0.01180073517056246,0.0,0.0,1.0
2023-07-03,medium_term_alpha\Results\sample_prices.csv,0.0,0.0,0.001150479611222055,0.0,0.0,1.0
2023-07-05,medium_term_alpha\Results\sample_prices.csv,0.0,0.0,-0.0014871911047333874,0.0,0.0,1.0
2023-07-06,medium_term_alpha\Results\sample_prices.csv,0.0,0.0,-0.007830629944856504,0.0,0.0,1.0
2023-07-07,medium_term_alpha\Results\sample_prices.csv,0.0,0.0,-0.0025247160880151887,0.0,0.0,1.0
2023-07-10,medium_term_alpha\Results\sample_prices.csv,0.0,0.0,0.0025311064130968397,0.0,0.0,1.0
2023-07-11,medium_term_alpha\Results\sample_prices.csv,0.0,0.0,0.006368562556071655,0.0,0.0,1.0
2023-07-12,medium_term_alpha\Results\sample_prices.csv,0.0,0.0,0.00804585996648921,0.0,0.0,1.0
2023-07-13,medium_term_alpha\Results\sample_prices.csv,0.0,0.0,0.007936941403622111,0.0,0.0,1.0
2023-07-14,medium_term_alpha\Results\sample_prices.csv,0.0,0.0,-0.0006227614130813741,0.0,0.0,1.0
2023-07-17,medium_term_alpha\Results\sample_prices.csv,0.0,0.0,0.0034720840141375664,0.0,0.0,1.0
2023-07-18,medium_term_alpha\Results\sample_prices.csv,0.0,0.0,0.007430545247715248,0.0,0.0,1.0
2023-07-19,medium_term_alpha\Results\sample_prices.csv,0.0,0.0,0.0022239148093636807,0.0,0.0,1.0
2023-07-20,medium_term_alpha\Results\sample_prices.csv,0.0,0.0,-0.006634589822913317,0.0,0.0,1.0
2023-07-21,medium_term_alpha\Results\sample_prices.csv,0.0,0.0,0.0,0.0,0.0,1.0
2023-07-24,medium_term_alpha\Results\sample_prices.csv,0.0,0.0,0.004467251302013864,0.0,0.0,1.0
2023-07-25,medium_term_alpha\Results\sample_prices.csv,0.0,0.0,0.0027300771358438336,0.0,0.0,1.0
2023-07-26,medium_term_alpha\Results\sample_prices.csv,0.0,0.0,0.00015380171192336256,0.0,0.0,1.0
2023-07-27,medium_term_alpha\Results\sample_prices.csv,0.0,0.0,-0.006630074840737077,0.0,0.0,1.0
2023-07-28,medium_term_alpha\Results\sample_prices.csv,0.0,0.0,0.009790315066457778,0.0,0.0,1.0
2023-07-31,medium_term_alpha\Results\sample_prices.csv,0.0,0.0,0.0019040893804560532,0.0,0.0,1.0
2023-08-01,medium_term_alpha\Results\sample_prices.csv,-0.0002850502187103854,-0.0003150502187103854,-0.0028615418465901543,0.06,3e-05,0.9996849497812896
2023-08-02,medium_term_alpha\Results\sample_prices.csv,-0.00288730724852587,-0.00288730724852587,-0.01391084085287353,0.0,0.0,0.9967985521795439
2023-08-03,medium_term_alpha\Results\sample_prices.csv,0.00033342106633891253,0.00033342106633891253,-0.0028658059749401277,0.0,0.0,0.9971309058157366
2023-08-04,medium_term_alpha\Results\sample_prices.csv,0.00022239191590282646,0.00022239191590282646,-0.004522808505695752,0.0,0.0,0.9973526596682868
2023-08-07,medium_term_alpha\Results\sample_prices.csv,0.0009897085858053022,0.0009897085858053022,0.008728549431549881,0.0,0.0,0.9983397481586362
2023-08-08,medium_term_alpha\Results\sample_prices.csv,-0.000994775351899868,-0.000994775351899868,-0.00434862768630262,0.0,0.0,0.9973466243843462
2023-08-09,medium_term_alpha\Results\sample_prices.csv,-0.0028345084507938024,-0.0028345084507938024,-0.006685312119114606,0.0,0.0,0.9945196369491581
2023-08-10,medium_term_alpha\Results\sample_prices.csv,-0.00023404525987473555,-0.00023404525987473555,0.0003589458898993758,0.0,0.0,0.9942868743422779
2023-08-11,medium_term_alpha\Results\sample_prices.csv,-0.0021699650601517792,-0.0021699650601517792,-0.0005831486341708603,0.0,0.0,0.9921293065651876
2023-08-14,medium_term_alpha\Results\sample_prices.csv,0.004256039348403267,0.004256039348403267,0.005520102716732644,0.0,0.0,0.9963518479326331
2023-08-15,medium_term_alpha\Results\sample_prices.csv,0.00025642571624995725,0.00025642571624995725,-0.011648934932562027,0.0,0.0,0.9966073381688763
2023-08-16,medium_term_alpha\Results\sample_prices.csv,-0.0006199289654409635,-0.0006199289654409635,-0.0073381355833658235,0.0,0.0,0.9959895124127743
2023-08-17,medium_term_alpha\Results\sample_prices.csv,-0.00019592316181021418,-0.00019592316181021418,-0.007619840893680285,0.0,0.0,0.9957943749983726
2023-08-18,medium_term_alpha\Results\sample_prices.csv,-6.229095093625681e-05,-6.229095093625681e-05,0.0004812229624389097,0.0,0.0,0.9957323460198171
2023-08-21,medium_term_alpha\Results\sample_prices.csv,0.005082795289739424,0.005082795289739424,0.006506378149942371,0.0,0.0,1.0007934496980078
2023-08-22,medium_term_alpha\Results\sample_prices.csv,-0.0016594625759428939,-0.0016594625759428939,-0.0027086464678427458,0.0,0.0,0.9991326704219852
2023-08-23,medium_term_alpha\Results\sample_prices.csv,0.0019024309991387954,0.0019024309991387954,0.011137603231051507,0.0,0.0,1.0010334513864483
2023-08-24,medium_term_alpha\Results\sample_prices.csv,5.98467078355247e-05,5.98467078355247e-05,-0.01385890599880768,0.0,0.0,1.0010933599429468
2023-08-25,medium_term_alpha\Results\sample_prices.csv,-0.0014566530360881312,-0.0014566530360881312,0.007049690191138547,0.0,0.0,0.9996351142607782
2023-08-28,medium_term_alpha\Results\sample_prices.csv,0.0010652385282132304,0.0010652385282132304,0.006341598493303957,0.0,0.0,1.0006999640986436
2023-08-29,medium_term_alpha\Results\sample_prices.csv,0.00249684767391388,0.00249684767391388,0.014454650192370133,0.0,0.0,1.0031985594762889
2023-08-30,medium_term_alpha\Results\sample_prices.csv,0.000590358262711792,0.000590358262711792,0.004118837895840999,0.0,0.0,1.0037908060350162
2023-08-31,medium_term_alpha\Results\sample_prices.csv,0.00011083389678148147,0.00011083389678148147,-0.0014635233735001973,0.0,0.0,1.0039020600816024
2023-09-01,medium_term_alpha\Results\sample_prices.csv,-0.0010284690329804746,-0.0010284690329804746,0.0018653578946741245,0.0,0.0,1.0028695779006631
2023-09-05,medium_term_alpha\Results\sample_prices.csv,4.8235493090849064e-05,4.8235493090849064e-05,-0.004322012516252416,0.0,0.0,1.002917951809259
2023-09-06,medium_term_alpha\Results\sample_prices.csv,-0.0018329720477743105,-0.0018329720477743105,-0.006722399949248947,0.0,0.0,1.0010796312373815
2023-09-07,medium_term_alpha\Results\sample_prices.csv,-0.0010454570637141614,-0.0010454570637141614,-0.003070272208474556,0.0,0.0,1.000033045465564
2023-09-08,medium_term_alpha\Results\sample_prices.csv,-0.0008680519724964175,-0.0008680519724964175,0.0015060203525822935,0.0,0.0,0.999164964807886
2023-09-11,medium_term_alpha\Results\sample_prices.csv,-0.0005187467331430162,-0.0005187467331430162,0.006576697106064566,0.0,0.0,0.998646651246521
2023-09-12,medium_term_alpha\Results\sample_prices.csv,-0.00040904899134472925,-0.00040904899134472925,-0.005485636277796413,0.0,0.0,0.9982381558411187
2023-09-13,medium_term_alpha\Results\sample_prices.csv,0.0008223864493505361,0.0008223864493505361,0.0011660173010359376,0.0,0.0,0.9990590933737072
2023-09-14,medium_term_alpha\Results\sample_prices.csv,0.00012663393001766555,0.00012663393001766555,0.008622328143939706,0.0,0.0,0.999185608153021
2023-09-15,medium_term_alpha\Results\sample_prices.csv,-0.0022127781242195607,-0.0022127781242195607,-0.012048297582953005,0.0,0.0,0.996974632097265
2023-09-18,medium_term_alpha\Results\sample_prices.csv,9.020807596190394e-05,9.020807596190394e-05,0.0005865583271187358,0.0,0.0,0.9970645672606093
2023-09-19,medium_term_alpha\Results\sample_prices.csv,-0.0006086494233188144,-0.0006086494233188144,-0.002073822429247363,0.0,0.0,0.9964577044867345
2023-09-20,medium_term_alpha\Results\sample_prices.csv,-0.0017660855389681272,-0.0017660855389681272,-0.009193464135490603,0.0,0.0,0.9946978749446471
2023-09-21,medium_term_alpha\Results\sample_prices.csv,-0.0017358304767941823,-0.0017358304767941823,-0.016528310467607055,0.0,0.0,0.9929712480581159
2023-09-22,medium_term_alpha\Results\sample_prices.csv,0.0008674408423460189,0.0008674408423460189,-0.0022485624534224202,0.0,0.0,0.9938325918739567
2023-09-25,medium_term_alpha\Results\sample_prices.csv,0.0008824855346558235,0.0008824855346558235,0.004205083610846039,0.0,0.0,0.994709634760155
2023-09-26,medium_term_alpha\Results\sample_prices.csv,-0.0004419506476689894,-0.0004419506476689894,-0.0146911628887465,0.0,0.0,0.9942700221928301
2023-09-27,medium_term_alpha\Results\sample_prices.csv,0.0007973975140451728,0.0007973975140451728,0.00039913841105798653,0.0,0.0,0.9950628506368163
2023-09-28,medium_term_alpha\Results\sample_prices.csv,0.0008773682798811144,0.0008773682798811144,0.005797502001731347,0.0,0.0,0.995935887218453
2023-09-29,medium_term_alpha\Results\sample_prices.csv,0.0005709063815876281,0.0005709063815876281,-0.0024270255722664835,0.0,0.0,0.9965044733721181
2023-10-02,medium_term_alpha\Results\sample_prices.csv,-0.000995076001885109,-0.0010550760018851089,-0.0003975708553312085,0.12,6e-05,0.995453085416492
2023-10-03,medium_term_alpha\Results\sample_prices.csv,0.00010378255232099232,0.00010378255232099232,-0.013386107454905871,0.0,0.0,0.9955563960784123
2023-10-04,medium_term_alpha\Results\sample_prices.csv,-0.00224294729167263,-0.00224294729167263,0.007282019426037234,0.0,0.0,0.9933234155561208
2023-10-05,medium_term_alpha\Results\sample_prices.csv,-0.0013506656638220549,-0.0013506656638220549,-0.00037678248811068293,0.0,0.0,0.9919817677256587
2023-10-06,medium_term_alpha\Results\sample_prices.csv,-0.0010019348054647126,-0.0010019348054647126,0.011872825285774935,0.0,0.0,0.990987866666188
2023-10-09,medium_term_alpha\Results\sample_prices.csv,0.002099477129858478,0.002099477129858478,0.006402238236267621,0.0,0.0,0.993068423028221
2023-10-10,medium_term_alpha\Results\sample_prices.csv,-0.0002542459154780197,-0.0002542459154780197,0.005204792636394062,0.0,0.0,0.9928159394378758
2023-10-11,medium_term_alpha\Results\sample_prices.csv,-0.002151186898884758,-0.002151186898884758,0.004096164144500314,0.0,0.0,0.9906802067959531
2023-10-12,medium_term_alpha\Results\sample_prices.csv,-1.127322879691972e-05,-1.127322879691972e-05,-0.00609630654772797,0.0,0.0,0.9906690386313174
2023-10-13,medium_term_alpha\Results\sample_prices.csv,0.0019160317520272628,0.0019160317520272628,-0.004980926390161344,0.0,0.0,0.9925671919650854
2023-10-16,medium_term_alpha\Results\sample_prices.csv,4.367847211559805e-05,4.367847211559805e-05,0.010521383332395828,0.0,0.0,0.9926105457835025
2023-10-17,medium_term_alpha\Results\sample_prices.csv,0.0007858219417838619,0.0007858219417838619,-4.5994991528242046e-05,0.0,0.0,0.9933905609300252
2023-10-18,medium_term_alpha\Results\sample_prices.csv,0.0008402822513390485,0.0008402822513390485,-0.013325080330662153,0.0,0.0,0.9942252893870225
2023-10-19,medium_term_alpha\Results\sample_prices.csv,3.718642574079389e-05,3.718642574079389e-05,-0.008786268781063922,0.0,0.0,0.9942622610719157
2023-10-20,medium_term_alpha\Results\sample_prices.csv,-0.0010299045845511112,-0.0010299045845511112,-0.012288150453647506,0.0,0.0,0.9932382658109916
2023-10-23,medium_term_alpha\Results\sample_prices.csv,-0.000880448788483239,-0.000880448788483239,-0.0017331115807659447,0.0,0.0,0.9923637703831831
2023-10-24,medium_term_alpha\Results\sample_prices.csv,-0.0005810859202178231,-0.0005810859202178231,0.007539412967386028,0.0,0.0,0.9917871217684793
2023-10-25,medium_term_alpha\Results\sample_prices.csv,0.00011071939472906855,0.00011071939472906855,-0.014352100861133477,0.0,0.0,0.9918969318383016
2023-10-26,medium_term_alpha\Results\sample_prices.csv,-0.0005470175433495328,-0.0005470175433495328,-0.011974758376581351,0.0,0.0,0.9913543468153915
2023-10-27,medium_term_alpha\Results\sample_prices.csv,-0.0011431226076835798,-0.0011431226076835798,-0.004532691233238073,0.0,0.0,0.9902211072493214
2023-10-30,medium_term_alpha\Results\sample_prices.csv,0.00018758926974514532,0.00018758926974514532,0.011955893424185682,0.0,0.0,0.9904068621037165
2023-10-31,medium_term_alpha\Results\sample_prices.csv,-1.7002558623750997e-05,-1.7002558623750997e-05,0.006280165678129723,0.0,0.0,0.9903900226529821
2023-11-01,medium_term_alpha\Results\sample_prices.csv,0.003419226902420203,0.003329226902420203,0.010664692771986006,0.18,8.999999999999999e-05,0.9936872557602869
2023-11-02,medium_term_alpha\Results\sample_prices.csv,0.002167639345261727,0.002167639345261727,0.0191644088315841,0.0,0.0,0.995841211352758
2023-11-03,medium_term_alpha\Results\sample_prices.csv,0.0028250129467084274,0.0028250129467084274,0.009123398564820473,0.0,0.0,0.9986544756676954
2023-11-06,medium_term_alpha\Results\sample_prices.csv,0.0015290295503700556,0.0015290295503700556,0.0023003729342003787,0.0,0.0,1.0001814478716007
2023-11-07,medium_term_alpha\Results\sample_prices.csv,0.0005992090623654,0.0005992090623654,0.002846031392628179,0.0,0.0,1.0007807656591752
2023-11-08,medium_term_alpha\Results\sample_prices.csv,0.0012067451062185252,0.0012067451062185252,0.0007325473617523226,0.0,0.0,1.001988452950532
2023-11-09,medium_term_alpha\Results\sample_prices.csv,-0.00024376080712428032,-0.00024376080712428032,-0.007798733950533543,0.0,0.0,1.0017442074365117
2023-11-10,medium_term_alpha\Results\sample_prices.csv,0.0028525679468017007,0.0028525679468017007,0.015604602792852473,0.0,0.0,1.0046017508535394
2023-11-13,medium_term_alpha\Results\sample_prices.csv,0.00012750439175570174,0.00012750439175570174,-0.0009530184144708187,0.0,0.0,1.0047298419887387
2023-11-14,medium_term_alpha\Results\sample_prices.csv,0.0019734760288814225,0.0019734760288814225,0.019400627101669565,0.0,0.0,1.0067126522474052
2023-11-15,medium_term_alpha\Results\sample_prices.csv,-0.0004789443480393874,-0.0004789443480393874,0.0021171187511090928,0.0,0.0,1.0062304929125117
2023-11-16,medium_term_alpha\Results\sample_prices.csv,0.0017561324047364211,0.0017561324047364211,0.0012230998035855922,0.0,0.0,1.0079975668877492
2023-11-17,medium_term_alpha\Results\sample_prices.csv,-0.00093053391089013,-0.00093053391089013,0.0012437734405070788,0.0,0.0,1.0070595909696654
2023-11-20,medium_term_alpha\Results\sample_prices.csv,0.0017689855746961004,0.0017689855746961004,0.007697751151746646,0.0,0.0,1.00884106485895
2023-11-21,medium_term_alpha\Results\sample_prices.csv,-0.00023641242989381084,-0.00023641242989381084,-0.002179437765355785,0.0,0.0,1.00860256229143
2023-11-22,medium_term_alpha\Results\sample_prices.csv,-0.0008094100825775662,-0.0008094100825775662,0.003860636978706422,0.0,0.0,1.0077861892081978
2023-11-24,medium_term_alpha\Results\sample_prices.csv,-0.0019375793876295333,-0.0019375793876295333,0.0006154785911705041,0.0,0.0,1.0058335234608504
2023-11-27,medium_term_alpha\Results\sample_prices.csv,0.0004623396171831984,0.0004623396171831984,-0.001800974105430564,0.0,0.0,1.0062985601470373
2023-11-28,medium_term_alpha\Results\sample_prices.csv,-0.00017612823372134876,-0.00017612823372134876,0.0009900229435098051,0.0,0.0,1.0061213225590422
2023-11-29,medium_term_alpha\Results\sample_prices.csv,-0.0005662252791509048,-0.0005662252791509048,-0.0007032861776791188,0.0,0.0,1.0055516312323165
2023-11-30,medium_term_alpha\Results\sample_prices.csv,-0.0028009391307959675,-0.0028009391307959675,0.003937351428214386,0.0,0.0,1.0027351423203623
2023-12-01,medium_term_alpha\Results\sample_prices.csv,-0.0007031575785427101,-0.0007631575785427101,0.005916045805739456,0.12,6e-05,1.0019698973972293
2023-12-04,medium_term_alpha\Results\sample_prices.csv,-0.002470511949433307,-0.002470511949433307,-0.005249572428127514,0.0,0.0,0.999494518792737
2023-12-05,medium_term_alpha\Results\sample_prices.csv,0.001947002494980987,0.001947002494980987,-0.0001970326388219812,0.0,0.0,1.0014405371145463
2023-12-06,medium_term_alpha\Results\sample_prices.csv,-0.0019688339214390393,-0.0019688339214390393,-0.004029759860348148,0.0,0.0,0.9994688670147711
2023-12-07,medium_term_alpha\Results\sample_prices.csv,0.0017910194849129588,0.0017910194849129588,0.007630412037957557,0.0,0.0,1.0012589352301584
2023-12-08,medium_term_alpha\Results\sample_prices.csv,0.0017022980230459739,0.0017022980230459739,0.004299124818565092,0.0,0.0,1.0029633763361578
2023-12-11,medium_term_alpha\Results\sample_prices.csv,-0.0015799395755930145,-0.0015799395755930145,0.0038895933725100473,0.0,0.0,1.001378754805014
2023-12-12,medium_term_alpha\Results\sample_prices.csv,0.001823119621654774,0.001823119621654774,0.004567198062799704,0.0,0.0,1.003204388061607
2023-12-13,medium_term_alpha\Results\sample_prices.csv,0.0005410400651649993,0.0005410400651649993,0.013790176970828405,0.0,0.0,1.0037471618290978
2023-12-14,medium_term_alpha\Results\sample_prices.csv,-0.0010257878941712195,-0.0010257878941712195,0.0032093491365003946,0.0,0.0,1.0027175301416849
2023-12-15,medium_term_alpha\Results\sample_prices.csv,0.0014571692090988853,0.0014571692090988853,-0.0016463666804519272,0.0,0.0,1.0041786592520312
2023-12-18,medium_term_alpha\Results\sample_prices.csv,0.0017674675391041238,0.0017674675391041238,0.0056249305978612885,0.0,0.0,1.0059535124357204
2023-12-19,medium_term_alpha\Results\sample_prices.csv,-0.0004685186599951474,-0.0004685186599951474,0.006080867262889589,0.0,0.0,1.0054822044440566
2023-12-20,medium_term_alpha\Results\sample_prices.csv,-0.0022302700885408065,-0.0022302700885408065,-0.013857315461203057,0.0,0.0,1.003239707558925
2023-12-21,medium_term_alpha\Results\sample_prices.csv,0.0015689314976032652,0.0015689314976032652,0.009481890201113785,0.0,0.0,1.0048137219357605
2023-12-22,medium_term_alpha\Results\sample_prices.csv,-2.8894432993433763e-05,-2.8894432993433763e-05,0.002009806438465267,0.0,0.0,1.0047846884130012
2023-12-26,medium_term_alpha\Results\sample_prices.csv,0.0005645156221042446,0.0005645156221042446,0.004222475606067366,0.0,0.0,1.0053519050664614
2023-12-27,medium_term_alpha\Results\sample_prices.csv,7.354187248866494e-05,7.354187248866494e-05,0.0018080697026494619,0.0,0.0,1.00542584052807
2023-12-28,medium_term_alpha\Results\sample_prices.csv,0.0003215764836983759,0.0003215764836983759,0.0003777287695538867,0.0,0.0,1.0057491618344865
2023-12-29,medium_term_alpha\Results\sample_prices.csv,0.00012151945978998934,0.00012151945978998934,-0.0028949148158422533,0.0,0.0,1.0058713799293166
2024-01-02,medium_term_alpha\Results\sample_prices.csv,0.0006984166185450924,0.0006084166185450924,-0.005596384862969428,0.18,8.999999999999999e-05,1.0064833687929846
2024-01-03,medium_term_alpha\Results\sample_prices.csv,-0.00026150568474339717,-0.00026150568474339717,-0.008166659943825372,0.0,0.0,1.0062201676704456
2024-01-04,medium_term_alpha\Results\sample_prices.csv,0.0003981810043398992,0.0003981810043398992,-0.0032211595318121233,0.0,0.0,1.0066208254273956
2024-01-05,medium_term_alpha\Results\sample_prices.csv,0.00030101972484184,0.00030101972484184,0.0013696387133315113,0.0,0.0,1.006923838151286
2024-01-08,medium_term_alpha\Results\sample_prices.csv,-8.707221624420835e-05,-8.707221624420835e-05,0.014276025907794754,0.0,0.0,1.0068361630611091
2024-01-09,medium_term_alpha\Results\sample_prices.csv,-0.0004743610277682686,-0.0004743610277682686,-0.001517061674658593,0.0,0.0,1.0063585592240052
2024-01-10,medium_term_alpha\Results\sample_prices.csv,0.00012656662810563545,0.00012656662810563545,0.0056553578038642804,0.0,0.0,1.0064859306335114
2024-01-11,medium_term_alpha\Results\sample_prices.csv,-0.00025260040984239615,-0.00025260040984239615,-0.00044059347730840415,0.0,0.0,1.0062316918749328
2024-01-12,medium_term_alpha\Results\sample_prices.csv,-0.0004404028739754917,-0.0004404028739754917,0.0006927133832714816,0.0,0.0,1.0057885445459458
2024-01-16,medium_term_alpha\Results\sample_prices.csv,-0.0003762192237045614,-0.0003762192237045614,-0.003671214241216858,0.0,0.0,1.0054101475605057
2024-01-17,medium_term_alpha\Results\sample_prices.csv,-0.00032144850236949464,-0.00032144850236949464,-0.005558606659499921,0.0,0.0,1.0050869599743053
2024-01-18,medium_term_alpha\Results\sample_prices.csv,0.00011849777496900414,0.00011849777496900414,0.008892665696998758,0.0,0.0,1.0052060605427127
2024-01-19,medium_term_alpha\Results\sample_prices.csv,0.001035731228002601,0.001035731228002601,0.01246623166803218,0.0,0.0,1.006247183850194
2024-01-22,medium_term_alpha\Results\sample_prices.csv,-7.047745902891256e-05,-7.047745902891256e-05,0.0021142836343215343,0.0,0.0,1.0061762661055214
2024-01-23,medium_term_alpha\Results\sample_prices.csv,-0.0003950328817625825,-0.0003950328817625825,0.002916443542260838,0.0,0.0,1.0057787933955606
2024-01-24,medium_term_alpha\Results\sample_prices.csv,0.0005361259738684909,0.0005361259738684909,0.001093234595571646,0.0,0.0,1.006318017530666
2024-01-25,medium_term_alpha\Results\sample_prices.csv,0.0008586574418921922,0.0008586574418921922,0.005438884867742022,0.0,0.0,1.0071820999853291
2024-01-26,medium_term_alpha\Results\sample_prices.csv,-0.00022898984732806492,-0.00022898984732806492,-0.0012703468494743575,0.0,0.0,1.006951465510022
2024-01-29,medium_term_alpha\Results\sample_prices.csv,0.00015671644079500612,0.00015671644079500612,0.007919416843935823,0.0,0.0,1.00710927135975
2024-01-30,medium_term_alpha\Results\sample_prices.csv,0.0012296839831112871,0.0012296839831112871,-0.000773547003113384,0.0,0.0,1.0083476974999839
2024-01-31,medium_term_alpha\Results\sample_prices.csv,-0.0006501509184528097,-0.0006501509184528097,-0.016317236393248225,0.0,0.0,1.0076921193183346
2024-02-01,medium_term_alpha\Results\sample_prices.csv,0.001462777031939777,0.001402777031939777,0.013088120238723633,0.12,6e-05,1.009105686678581
2024-02-02,medium_term_alpha\Results\sample_prices.csv,0.002982544209967295,0.002982544209967295,0.010527358922269414,0.0,0.0,1.0121153890016295
2024-02-05,medium_term_alpha\Results\sample_prices.csv,0.0028766522955016825,0.0028766522955016825,-0.0036411639088935743,0.0,0.0,1.0150268930587136
2024-02-06,medium_term_alpha\Results\sample_prices.csv,-0.000959729608223272,-0.000959729608223272,0.002903242256254046,0.0,0.0,1.0140527416963023
2024-02-07,medium_term_alpha\Results\sample_prices.csv,0.0016498708746206557,0.0016498708746206557,0.008340520226539194,0.0,0.0,1.0157257977801564
2024-02-08,medium_term_alpha\Results\sample_prices.csv,-0.0003920150740514305,-0.0003920150740514305,0.0004416225925429895,0.0,0.0,1.0153276179563238
2024-02-09,medium_term_alpha\Results\sample_prices.csv,0.002147025215272107,0.002147025215272107,0.005779335635972771,0.0,0.0,1.0175075519538384
2024-02-12,medium_term_alpha\Results\sample_prices.csv,9.564981613620294e-05,9.564981613620294e-05,-0.0004388911488638625,0.0,0.0,1.0176048763641
2024-02-13,medium_term_alpha\Results\sample_prices.csv,-9.965653712711298e-05,-9.965653712711298e-05,-0.013773024753250818,0.0,0.0,1.0175034653859578
2024-02-14,medium_term_alpha\Results\sample_prices.csv,0.0014740416837687141,0.0014740416837687141,0.009087607114390162,0.0,0.0,1.0190033079073157
2024-02-15,medium_term_alpha\Results\sample_prices.csv,-0.001008389923331945,-0.001008389923331945,0.00689980012693403,0.0,0.0,1.0179757552397801
2024-02-16,medium_term_alpha\Results\sample_prices.csv,-3.7168991252114476e-05,-3.7168991252114476e-05,-0.004979919478028227,0.0,0.0,1.0179379181078387
2024-02-20,medium_term_alpha\Results\sample_prices.csv,-0.002611920142687203,-0.002611920142687203,-0.005505547230716168,0.0,0.0,1.015279145555528
2024-02-21,medium_term_alpha\Results\sample_prices.csv,-0.0017105338509907652,-0.0017105338509907652,0.0009059537103861537,0.0,0.0,1.0135424762088503
2024-02-22,medium_term_alpha\Results\sample_prices.csv,0.009840529052745182,0.009840529052745182,0.02069541033768396,0.0,0.0,1.0235162703921747
2024-02-23,medium_term_alpha\Results\sample_prices.csv,0.00021314086799916864,0.00021314086799916864,0.0006896776717688624,0.0,0.0,1.0237344235384573
2024-02-26,medium_term_alpha\Results\sample_prices.csv,0.0002093586158601113,0.0002093586158601113,-0.0036624294080084274,0.0,0.0,1.0239487511603775
2024-02-27,medium_term_alpha\Results\sample_prices.csv,-0.0002966290442998631,-0.0002966290442998631,0.001857684256764136,0.0,0.0,1.023645018220909
2024-02-28,medium_term_alpha\Results\sample_prices.csv,-0.0007913401579851786,-0.0007913401579851786,-0.0013217705217585252,0.0,0.0,1.0228349668104693
2024-02-29,medium_term_alpha\Results\sample_prices.csv,0.001119444203889288,0.001119444203889288,0.0035951453676152934,0.0,0.0,1.0239799734856005
2024-03-01,medium_term_alpha\Results\sample_prices.csv,0.0024019087848123188,0.0024019087848123188,0.009388151605240092,0.0,0.0,1.0264394799793877
2024-03-04,medium_term_alpha\Results\sample_prices.csv,0.002157044926443814,0.002157044926443814,-0.001072394746922667,0.0,0.0,1.028653556051979
2024-03-05,medium_term_alpha\Results\sample_prices.csv,0.0005146024439702134,0.0005146024439702134,-0.009994034563297172,0.0,0.0,1.029182903685922
2024-03-06,medium_term_alpha\Results\sample_prices.csv,0.0019096326040067611,0.0019096326040067611,0.005067030027941399,0.0,0.0,1.031148264914287
2024-03-07,medium_term_alpha\Results\sample_prices.csv,0.0026847783589162644,0.0026847783589162644,0.009926474478172187,0.0,0.0,1.0339166694607629
2024-03-08,medium_term_alpha\Results\sample_prices.csv,-0.003328620877699666,-0.003328620877699666,-0.006002135527416241,0.0,0.0,1.0304751528489942
2024-03-11,medium_term_alpha\Results\sample_prices.csv,-0.0012023548929317029,-0.0012023548929317029,-0.0008599205218474681,0.0,0.0,1.0292361560069216
2024-03-12,medium_term_alpha\Results\sample_prices.csv,0.004294307280494202,0.004294307280494202,0.010757429798630591,0.0,0.0,1.03365601232501
2024-03-13,medium_term_alpha\Results\sample_prices.csv,-0.0006691158601863578,-0.0006691158601863578,-0.001567445672765011,0.0,0.0,1.0329643766931864
2024-03-14,medium_term_alpha\Results\sample_prices.csv,-0.0019434893826317577,-0.0019434893826317577,-0.0019768471621474104,0.0,0.0,1.0309568213944464
2024-03-15,medium_term_alpha\Results\sample_prices.csv,-7.299686975228425e-05,-7.299686975228425e-05,-0.0068667216012513466,0.0,0.0,1.030881564773635
2024-03-18,medium_term_alpha\Results\sample_prices.csv,0.00042214655083857796,0.00042214655083857796,0.0059432132470580434,0.0,0.0,1.0313167478705272
2024-03-19,medium_term_alpha\Results\sample_prices.csv,0.0006396463065380775,0.0006396463065380775,0.005557194510341201,0.0,0.0,1.0319764258191735
2024-03-20,medium_term_alpha\Results\sample_prices.csv,0.0006537052536912879,0.0006537052536912879,0.009249396810094845,0.0,0.0,1.032651034230417
2024-03-21,medium_term_alpha\Results\sample_prices.csv,0.0007057396686319261,0.0007057396686319261,0.003304467863495919,0.0,0.0,1.033379817029127
2024-03-22,medium_term_alpha\Results\sample_prices.csv,0.0018728136127089188,0.0018728136127089188,-0.0018955514911461746,0.0,0.0,1.0353151448175577
2024-03-25,medium_term_alpha\Results\sample_prices.csv,0.00045370357401671054,0.00045370357401671054,-0.0027631108922107073,0.0,0.0,1.035784870998995
2024-03-26,medium_term_alpha\Results\sample_prices.csv,-0.001541640923555565,-0.001541640923555565,-0.001846796982720944,0.0,0.0,1.034188062653863
2024-03-27,medium_term_alpha\Results\sample_prices.csv,-0.0014980413289124872,-0.0014980413289124872,0.008403901097215893,0.0,0.0,1.0326388061941396
2024-03-28,medium_term_alpha\Results\sample_prices.csv,7.046687625438253e-05,7.046687625438253e-05,-0.00019126509461619978,0.0,0.0,1.032711573025111
2024-04-01,medium_term_alpha\Results\sample_prices.csv,4.648348860358808e-06,4.648348860358808e-06,-0.0017398233749381653,0.0,0.0,1.0327163734287745
2024-04-02,medium_term_alpha\Results\sample_prices.csv,-0.0006048822636229057,-0.0006048822636229057,-0.006358022610785996,0.0,0.0,1.0320917016111346
2024-04-03,medium_term_alpha\Results\sample_prices.csv,-0.00032733628428164517,-0.00032733628428164517,0.0010985442977609061,0.0,0.0,1.0317538605484913
2024-04-04,medium_term_alpha\Results\sample_prices.csv,-0.0020630864024646423,-0.0020630864024646423,-0.01220614153450017,0.0,0.0,1.0296252631881033
2024-04-05,medium_term_alpha\Results\sample_prices.csv,0.0014688429831087291,0.0014688429831087291,0.010446882468048369,0.0,0.0,1.0311376210311687
2024-04-08,medium_term_alpha\Results\sample_prices.csv,-0.0005965350143756365,-0.0005965350143756365,0.0005595050066020679,0.0,0.0,1.0305225113355836
2024-04-09,medium_term_alpha\Results\sample_prices.csv,-0.0012250364806957225,-0.0012250364806957225,0.0011567123455751283,0.0,0.0,1.0292600836650194
2024-04-10,medium_term_alpha\Results\sample_prices.csv,0.0011844909780767841,0.0011844909780767841,-0.010013197674681118,0.0,0.0,1.030479232948215
2024-04-11,medium_term_alpha\Results\sample_prices.csv,0.002465779952222182,0.002465779952222182,0.007546927515202695,0.0,0.0,1.033020167982
2024-04-12,medium_term_alpha\Results\sample_prices.csv,-0.0016089809039536718,-0.0016089809039536718,-0.013803104158051971,0.0,0.0,1.031358058258318
2024-04-15,medium_term_alpha\Results\sample_prices.csv,-0.0014866264388173488,-0.0014866264388173488,-0.012528100445097223,0.0,0.0,1.0298248141010238
2024-04-16,medium_term_alpha\Results\sample_prices.csv,0.000986493302039082,0.000986493302039082,-0.0018238107475504473,0.0,0.0,1.0308407293824082
2024-04-17,medium_term_alpha\Results\sample_prices.csv,-0.002319970769865438,-0.002319970769865438,-0.005918302223910765,0.0,0.0,1.0284492090218542
2024-04-18,medium_term_alpha\Results\sample_prices.csv,0.000454092330399396,0.000454092330399396,-0.0020576643124392557,0.0,0.0,1.0289162199198765
2024-04-19,medium_term_alpha\Results\sample_prices.csv,-0.006002750155611347,-0.006002750155611347,-0.008728372599140721,0.0,0.0,1.0227398929206415
2024-04-22,medium_term_alpha\Results\sample_prices.csv,0.00261258855141437,0.00261258855141437,0.00920908126486597,0.0,0.0,1.0254118914559607
2024-04-23,medium_term_alpha\Results\sample_prices.csv,0.0021919601440148462,0.0021919601440148462,0.011866672246626297,0.0,0.0,1.027659553453231
2024-04-24,medium_term_alpha\Results\sample_prices.csv,-0.001998952696676395,-0.001998952696676395,-0.000474669155042573,0.0,0.0,1.0256053106175904
2024-04-25,medium_term_alpha\Results\sample_prices.csv,0.002225226763333179,0.002225226763333179,-0.003798847326095478,0.0,0.0,1.0278875150033933
2024-04-26,medium_term_alpha\Results\sample_prices.csv,0.0037053546023550774,0.0037053546023550774,0.009473885503757051,0.0,0.0,1.0316962027378145
2024-04-29,medium_term_alpha\Results\sample_prices.csv,1.5045526814003729e-05,1.5045526814003729e-05,0.0035414297461646704,0.0,0.0,1.0317117251506966
2024-04-30,medium_term_alpha\Results\sample_prices.csv,-0.0009264197048033828,-0.0009264197048033828,-0.01584115514615536,0.0,0.0,1.0307559270788405
2024-05-01,medium_term_alpha\Results\sample_prices.csv,-0.0023339918718889986,-0.0023339918718889986,-0.003247213224846335,0.0,0.0,1.028350151123137
2024-05-02,medium_term_alpha\Results\sample_prices.csv,0.002005764000305565,0.002005764000305565,0.009353406639900363,0.0,0.0,1.0304127788359685
2024-05-03,medium_term_alpha\Results\sample_prices.csv,0.0020779086309642204,0.0020779086309642204,0.012395297420226381,0.0,0.0,1.0325538824425675
2024-05-06,medium_term_alpha\Results\sample_prices.csv,0.0022644670745986684,0.0022644670745986684,0.010326856423710673,0.0,0.0,1.0348920667121078
2024-05-07,medium_term_alpha\Results\sample_prices.csv,-0.0010327666714636274,-0.0010327666714636274,0.0011034322831826593,0.0,0.0,1.0338232646770453
2024-05-08,medium_term_alpha\Results\sample_prices.csv,-9.40838278931766e-05,-9.40838278931766e-05,9.665698605743067e-05,0.0,0.0,1.0337259986269394
2024-05-09,medium_term_alpha\Results\sample_prices.csv,-0.0011049427637196496,-0.0011049427637196496,0.005761807377437034,0.0,0.0,1.0325837905650876
2024-05-10,medium_term_alpha\Results\sample_prices.csv,0.0007646464247661244,0.0007646464247661244,0.0012882240957041713,0.0,0.0,1.0333733520688146
2024-05-13,medium_term_alpha\Results\sample_prices.csv,0.0003478047869829437,0.0003478047869829437,0.00013426244304337587,0.0,0.0,1.0337327642674048
2024-05-14,medium_term_alpha\Results\sample_prices.csv,0.0006351780968504172,0.0006351780968504172,0.0045880145598484745,0.0,0.0,1.034389368677264
2024-05-15,medium_term_alpha\Results\sample_prices.csv,0.0021502758312958604,0.0021502758312958604,0.012383089025577387,0.0,0.0,1.0366135911368801
2024-05-16,medium_term_alpha\Results\sample_prices.csv,-0.00017182962499684207,-0.00017182962499684207,-0.0020574269229312048,0.0,0.0,1.0364354702122485
2024-05-17,medium_term_alpha\Results\sample_prices.csv,-0.0011954374004113655,-0.0011954374004113655,0.0014375154397507917,0.0,0.0,1.0351964764880437
2024-05-20,medium_term_alpha\Results\sample_prices.csv,0.0014928815886257895,0.0014928815886257895,0.001152163929652561,0.0,0.0,1.0367419022484028
2024-05-21,medium_term_alpha\Results\sample_prices.csv,0.000383621195815258,0.000383621195815258,0.002452651928423144,0.0,0.0,1.037139618416695
2024-05-22,medium_term_alpha\Results\sample_prices.csv,-0.0002742485183726173,-0.0002742485183726173,-0.002879527434167306,0.0,0.0,1.0368551844129987
2024-05-23,medium_term_alpha\Results\sample_prices.csv,0.005591784965559516,0.005591784965559516,-0.007304155494412545,0.0,0.0,1.0426530556446618
2024-05-24,medium_term_alpha\Results\sample_prices.csv,0.0015433679941930345,0.0015433679941930345,0.0066165101077051425,0.0,0.0,1.0442622529997914
2024-05-28,medium_term_alpha\Results\sample_prices.csv,0.00418825380084296,0.00418825380084296,0.0006987272701077796,0.0,0.0,1.0486358883499944
2024-05-29,medium_term_alpha\Results\sample_prices.csv,0.000486741638909578,0.000486741638909578,-0.007002690882683349,0.0,0.0,1.0491463031009094
2024-05-30,medium_term_alpha\Results\sample_prices.csv,-0.002259966091945853,-0.002259966091945853,-0.006633586968909255,0.0,0.0,1.046775268030411
2024-05-31,medium_term_alpha\Results\sample_prices.csv,-0.0004707679005444198,-0.0004707679005444198,0.009107958198630861,0.0,0.0,1.0462824798351384
2024-06-03,medium_term_alpha\Results\sample_prices.csv,0.002937251696542291,0.002937251696542291,0.0008156353502999369,0.0,0.0,1.0493556748240966
2024-06-04,medium_term_alpha\Results\sample_prices.csv,0.0007497422630285255,0.0007497422630285255,0.00111774169742751,0.0,0.0,1.050142421122461
2024-06-05,medium_term_alpha\Results\sample_prices.csv,0.003093356844302719,0.003093356844302719,0.011885168215945763,0.0,0.0,1.053390886368333
2024-06-06,medium_term_alpha\Results\sample_prices.csv,-0.0007066346471932872,-0.0007066346471932872,-1.8592348722257235e-05,0.0,0.0,1.0526465238709874
2024-06-07,medium_term_alpha\Results\sample_prices.csv,-5.454715451986613e-05,-5.454715451986613e-05,-0.0012157751177361842,0.0,0.0,1.052589104998395
2024-06-10,medium_term_alpha\Results\sample_prices.csv,0.00044768230755862335,0.00044768230755862335,0.003089675881409404,0.0,0.0,1.0530603305178317
2024-06-11,medium_term_alpha\Results\sample_prices.csv,-0.00042863549567183855,-0.00042863549567183855,0.002408453385426501,0.0,0.0,1.0526089514810877
2024-06-12,medium_term_alpha\Results\sample_prices.csv,0.0021288488668665373,0.0021288488668665373,0.008213079681904878,0.0,0.0,1.0548497968547017
2024-06-13,medium_term_alpha\Results\sample_prices.csv,0.0021134188152214105,0.0021134188152214105,0.0020134171606567275,0.0,0.0,1.0570791362626069
2024-06-14,medium_term_alpha\Results\sample_prices.csv,0.0010508517817434493,0.0010508517817434493,0.0006083206695906007,0.0,0.0,1.0581899697563921
2024-06-17,medium_term_alpha\Results\sample_prices.csv,-0.0004094702423031715,-0.0004094702423031715,0.007958880499648435,0.0,0.0,1.0577566724530731
2024-06-18,medium_term_alpha\Results\sample_prices.csv,0.0021071968379564555,0.0021071968379564555,0.0025407055123127797,0.0,0.0,1.0599855739685935
2024-06-20,medium_term_alpha\Results\sample_prices.csv,-0.0021242057139614313,-0.0021242057139614313,-0.0027163034745887327,0.0,0.0,1.0577339465556528
2024-06-21,medium_term_alpha\Results\sample_prices.csv,-0.001931487248017547,-0.001931487248017547,-0.001340705958837951,0.0,0.0,1.0556909469260853
2024-06-24,medium_term_alpha\Results\sample_prices.csv,-0.0040104297551971,-0.0040104297551971,-0.0032507411822658705,0.0,0.0,1.0514571725402408
2024-06-25,medium_term_alpha\Results\sample_prices.csv,0.0040538382703693586,0.0040538382703693586,0.0038509636422781046,0.0,0.0,1.055719609865939
2024-06-26,medium_term_alpha\Results\sample_prices.csv,0.0001475219115653159,0.0001475219115653159,0.0012479229403581371,0.0,0.0,1.0558753516408634
2024-06-27,medium_term_alpha\Results\sample_prices.csv,-0.0011439898881108678,-0.0011439898881108678,0.0015766378395136726,0.0,0.0,1.0546674409154808
2024-06-28,medium_term_alpha\Results\sample_prices.csv,-0.00021775959236101315,-0.00021775959236101315,-0.003935104761613628,0.0,0.0,1.0544377769634705
2024-07-01,medium_term_alpha\Results\sample_prices.csv,0.0003691122879194619,0.0003691122879194619,0.0020578883736119824,0.0,0.0,1.0548269829037942
2024-07-02,medium_term_alpha\Results\sample_prices.csv,-0.0007868046457719791,-0.0007868046457719791,0.00672974041303398,0.0,0.0,1.0539970401331598
2024-07-03,medium_term_alpha\Results\sample_prices.csv,0.0027439412989502497,0.0027439412989502497,0.004462632181101656,0.0,0.0,1.0568891461405525
2024-07-05,medium_term_alpha\Results\sample_prices.csv,-0.0011459249930916692,-0.0011459249930916692,0.005766470977847771,0.0,0.0,1.0556780304530629
2024-07-08,medium_term_alpha\Results\sample_prices.csv,0.0011300854445556662,0.0011300854445556662,0.0011539403636429135,0.0,0.0,1.0568710368294152
2024-07-09,medium_term_alpha\Results\sample_prices.csv,0.0014883137157769388,0.0014883137157769388,0.0009724798854346961,0.0,0.0,1.0584439924893356
2024-07-10,medium_term_alpha\Results\sample_prices.csv,0.0016121202360547082,0.0016121202360547082,0.009895418424408886,0.0,0.0,1.060150331468358
2024-07-11,medium_term_alpha\Results\sample_prices.csv,-0.0033400096546395597,-0.0033400096546395597,-0.00862272348431481,0.0,0.0,1.0566094191258844
2024-07-12,medium_term_alpha\Results\sample_prices.csv,0.0008665682555480814,0.0008665682555480814,0.006307432752130193,0.0,0.0,1.0575250433070118
2024-07-15,medium_term_alpha\Results\sample_prices.csv,-0.0003714194726258335,-0.0003714194726258335,0.002750343403421507,0.0,0.0,1.0571322579131381
2024-07-16,medium_term_alpha\Results\sample_prices.csv,-0.0009716516037657107,-0.0009716516037657107,0.005929969931749657,0.0,0.0,1.0561050936593444
2024-07-17,medium_term_alpha\Results\sample_prices.csv,-0.003974359253162141,-0.003974359253162141,-0.014021065689695633,0.0,0.0,1.0519077526080476
2024-07-18,medium_term_alpha\Results\sample_prices.csv,0.001576407198675711,0.001576407198675711,-0.007684813223276632,0.0,0.0,1.0535659875616017
2024-07-19,medium_term_alpha\Results\sample_prices.csv,-0.001565777811957496,-0.001565777811957496,-0.006640829690999328,0.0,0.0,1.0519163373148446
2024-07-22,medium_term_alpha\Results\sample_prices.csv,0.0028542333554608134,0.0028542333554608134,0.01031015371636057,0.0,0.0,1.0549187520119627
2024-07-23,medium_term_alpha\Results\sample_prices.csv,-0.0004613912866930825,-0.0004613912866930825,-0.0015687460660562813,0.0,0.0,1.0544320216916152
2024-07-24,medium_term_alpha\Results\sample_prices.csv,-0.004081892997248131,-0.004081892997248131,-0.022662483372983044,0.0,0.0,1.050127943006198
2024-07-25,medium_term_alpha\Results\sample_prices.csv,-0.0010345756479259527,-0.0010345756479259527,-0.005210277592075707,0.0,0.0,1.0490415062091571
2024-07-26,medium_term_alpha\Results\sample_prices.csv,0.00041681146935160115,0.00041681146935160115,0.01119971183544255,0.0,0.0,1.049478758740771
2024-07-29,medium_term_alpha\Results\sample_prices.csv,-0.00078012495123839,-0.00078012495123839,0.000587779587347903,0.0,0.0,1.0486600341752828
2024-07-30,medium_term_alpha\Results\sample_prices.csv,-0.004226180056970001,-0.004226180056970001,-0.005066577985250231,0.0,0.0,1.0442282080523098
2024-07-31,medium_term_alpha\Results\sample_prices.csv,0.007687268411120462,0.007687268411120462,0.01625481740264645,0.0,0.0,1.052255470570071
2024-08-01,medium_term_alpha\Results\sample_prices.csv,-0.004004443907249091,-0.004004443907249091,-0.014160912663302883,0.0,0.0,1.0480417725620772
2024-08-02,medium_term_alpha\Results\sample_prices.csv,-0.0010658359400128935,-0.0010658359400128935,-0.0186184995093146,0.0,0.0,1.0469247319742458
2024-08-05,medium_term_alpha\Results\sample_prices.csv,-0.0038146766347048186,-0.0038146766347048186,-0.029123758901492658,0.0,0.0,1.042931052660889
2024-08-06,medium_term_alpha\Results\sample_prices.csv,0.0022698018425153688,0.0022698018425153688,0.009219585900067662,0.0,0.0,1.0452982994858353
2024-08-07,medium_term_alpha\Results\sample_prices.csv,-0.003073384463078008,-0.003073384463078008,-0.006683936466439944,0.0,0.0,1.0420856959329137
2024-08-08,medium_term_alpha\Results\sample_prices.csv,0.003676061702018476,0.003676061702018476,0.023117253053390074,0.0,0.0,1.045916467249954
2024-08-09,medium_term_alpha\Results\sample_prices.csv,-0.00012574610072995762,-0.00012574610072995762,0.00440963576112674,0.0,0.0,1.045784947332508
2024-08-12,medium_term_alpha\Results\sample_prices.csv,0.002445820122105857,0.002445820122105857,0.0005254581184506169,0.0,0.0,1.0483427492000892
2024-08-13,medium_term_alpha\Results\sample_prices.csv,0.003918543305507138,0.003918543305507138,0.016445540515162227,0.0,0.0,1.052450725661844
2024-08-14,medium_term_alpha\Results\sample_prices.csv,0.001002242141414289,0.001002242141414289,0.0031548367188043436,0.0,0.0,1.0535055361308643
2024-08-15,medium_term_alpha\Results\sample_prices.csv,0.002428864807272979,0.002428864807272979,0.01714013072027254,0.0,0.0,1.05606435865184
2024-08-16,medium_term_alpha\Results\sample_prices.csv,0.000839975978746188,0.000839975978746188,0.002242092084427938,0.0,0.0,1.0569514273451175
2024-08-19,medium_term_alpha\Results\sample_prices.csv,0.00261037872493731,0.00261037872493731,0.00956137091474707,0.0,0.0,1.0597104708643514
2024-08-20,medium_term_alpha\Results\sample_prices.csv,-0.0012692366634079377,-0.0012692366634079377,-0.0016258913169607814,0.0,0.0,1.0583654474821331
2024-08-21,medium_term_alpha\Results\sample_prices.csv,0.0005893872150914258,0.0005893872150914258,0.003436440682692554,0.0,0.0,1.0589892345457736
2024-08-22,medium_term_alpha\Results\sample_prices.csv,-0.002222564506005895,-0.002222564506005895,-0.007848466045301983,0.0,0.0,1.05663556266083
2024-08-23,medium_term_alpha\Results\sample_prices.csv,0.002729907464872845,0.002729907464872845,0.010625308253151111,0.0,0.0,1.0595200799709878
2024-08-26,medium_term_alpha\Results\sample_prices.csv,-0.0013496080209527439,-0.0013496080209527439,-0.002383890782924558,0.0,0.0,1.0580901431726986
2024-08-27,medium_term_alpha\Results\sample_prices.csv,0.000873006028654979,0.000873006028654979,0.0013730986678519574,0.0,0.0,1.0590138622465488
2024-08-28,medium_term_alpha\Results\sample_prices.csv,-0.0012579898876956673,-0.0012579898876956673,-0.005805139307251905,0.0,0.0,1.057681633516913
2024-08-29,medium_term_alpha\Results\sample_prices.csv,-0.0038309092964155344,-0.0038309092964155344,8.929895963372125e-05,0.0,0.0,1.0536297511144253
2024-08-30,medium_term_alpha\Results\sample_prices.csv,0.0009082416161473495,0.0009082416161473495,0.009546099317694123,0.0,0.0,1.0545867015023984
2024-09-03,medium_term_alpha\Results\sample_prices.csv,-0.005715002259804067,-0.005715002259804067,-0.020578996194471677,0.0,0.0,1.0485597361201529
2024-09-04,medium_term_alpha\Results\sample_prices.csv,-0.0009944452430900475,-0.0009944452430900475,-0.002046876901344641,0.0,0.0,1.0475170008784724
2024-09-05,medium_term_alpha\Results\sample_prices.csv,0.0005649192838983019,0.0005649192838983019,-0.0024322654839888935,0.0,0.0,1.04810876343248
2024-09-06,medium_term_alpha\Results\sample_prices.csv,-0.002451260930847612,-0.002451260930847612,-0.01682993496254659,0.0,0.0,1.045539575369399
2024-09-09,medium_term_alpha\Results\sample_prices.csv,0.002123893017026366,0.002123893017026366,0.011196200027240755,0.0,0.0,1.0477601895725508
2024-09-10,medium_term_alpha\Results\sample_prices.csv,0.0009185668635168253,0.0009185668635168253,0.0043556714229291416,0.0,0.0,1.048722627363604
2024-09-11,medium_term_alpha\Results\sample_prices.csv,0.004889917459012829,0.004889917459012829,0.010258947550831232,0.0,0.0,1.0538507944488114
2024-09-12,medium_term_alpha\Results\sample_prices.csv,0.0011497010069636503,0.0011497010069636503,0.00842317294279371,0.0,0.0,1.0550624077683786
2024-09-13,medium_term_alpha\Results\sample_prices.csv,-2.0145130011233192e-05,-2.0145130011233192e-05,0.005222850617956354,0.0,0.0,1.055041153399004
2024-09-16,medium_term_alpha\Results\sample_prices.csv,-0.0011687638305571957,-0.0011687638305571957,0.0014769019367719682,0.0,0.0,1.053808059459162
2024-09-17,medium_term_alpha\Results\sample_prices.csv,-0.0006114105526210523,-0.0006114105526210523,0.00040856905497976825,0.0,0.0,1.0531637500911715
2024-09-18,medium_term_alpha\Results\sample_prices.csv,-0.0011523469148025378,-0.0011523469148025378,-0.0029658410855042394,0.0,0.0,1.051950140092972
2024-09-19,medium_term_alpha\Results\sample_prices.csv,0.0023815816916706953,0.0023815816916706953,0.017064491041375307,0.0,0.0,1.054455445287168
2024-09-20,medium_term_alpha\Results\sample_prices.csv,-0.0009518943191793072,-0.0009518943191793072,-0.0017286358271398905,0.0,0.0,1.0534517151389715
2024-09-23,medium_term_alpha\Results\sample_prices.csv,0.00013448192481738453,0.00013448192481738453,0.002498824661338439,0.0,0.0,1.0535933853533257
2024-09-24,medium_term_alpha\Results\sample_prices.csv,0.0023791525820964356,0.0023791525820964356,0.002861332369231473,0.0,0.0,1.0561000447765687
2024-09-25,medium_term_alpha\Results\sample_prices.csv,0.0013104953886910974,0.0013104953886910974,-0.0022055614600836604,0.0,0.0,1.0574840590152448
2024-09-26,medium_term_alpha\Results\sample_prices.csv,0.00025746672982214226,0.00025746672982214226,0.003964530125524446,0.0,0.0,1.0577563259777585
2024-09-27,medium_term_alpha\Results\sample_prices.csv,-0.0012770041334073756,-0.0012770041334073756,-0.0014501462033537083,0.0,0.0,1.056405566777347
2024-09-30,medium_term_alpha\Results\sample_prices.csv,1.9770105721597098e-05,1.9770105721597098e-05,0.004007337580792303,0.0,0.0,1.0564264520270872
2024-10-01,medium_term_alpha\Results\sample_prices.csv,-0.002134902349121115,-0.002224902349121115,-0.008958539952465538,0.18,8.999999999999999e-05,1.0540760063322985
2024-10-02,medium_term_alpha\Results\sample_prices.csv,3.125668425123739e-05,3.125668425123739e-05,0.0004219725084146919,0.0,0.0,1.0541089532532053
2024-10-03,medium_term_alpha\Results\sample_prices.csv,-0.0012029636422535605,-0.0012029636422535605,-0.0018282859426108633,0.0,0.0,1.0528408985074678
2024-10-04,medium_term_alpha\Results\sample_prices.csv,0.0018007709562117258,0.0018007709562117258,0.009087599734642682,0.0,0.0,1.054736823819012
2024-10-07,medium_term_alpha\Results\sample_prices.csv,-0.00318875013361863,-0.00318875013361863,-0.009040673869972649,0.0,0.0,1.0513735316311266
2024-10-08,medium_term_alpha\Results\sample_prices.csv,0.001741412603557548,0.001741412603557548,0.009457651803167932,0.0,0.0,1.0532044067501558
2024-10-09,medium_term_alpha\Results\sample_prices.csv,0.0018064078045964657,0.0018064078045964657,0.006926570504826257,0.0,0.0,1.0551069234103447
2024-10-10,medium_term_alpha\Results\sample_prices.csv,0.00034886639335183654,0.00034886639335183654,-0.0017500610912019043,0.0,0.0,1.0554750147573153
2024-10-11,medium_term_alpha\Results\sample_prices.csv,0.00030724331564425223,0.00030724331564425223,0.005988159557293038,0.0,0.0,1.055799302400429
2024-10-14,medium_term_alpha\Results\sample_prices.csv,0.0005820519901284914,0.0005820519901284914,0.00817823606429302,0.0,0.0,1.0564138324855676
2024-10-15,medium_term_alpha\Results\sample_prices.csv,0.0007094705377240861,0.0007094705377240861,-0.007769522317706223,0.0,0.0,1.0571633269753604
2024-10-16,medium_term_alpha\Results\sample_prices.csv,-0.0007868546633445228,-0.0007868546633445228,0.004346282989862171,0.0,0.0,1.056331493081613
2024-10-17,medium_term_alpha\Results\sample_prices.csv,0.0003012524294525276,0.0003012524294525276,8.589011123150136e-05,0.0,0.0,1.056649715510211
2024-10-18,medium_term_alpha\Results\sample_prices.csv,0.001203713456618618,0.001203713456618618,0.003846479650699397,0.0,0.0,1.057921618991703
2024-10-21,medium_term_alpha\Results\sample_prices.csv,0.00040327388563250906,0.00040327388563250906,-0.0016420987746166293,0.0,0.0,1.0583482511536884
2024-10-22,medium_term_alpha\Results\sample_prices.csv,4.262385620470432e-05,4.262385620470432e-05,-0.0005311986598890428,0.0,0.0,1.0583933620373602
2024-10-23,medium_term_alpha\Results\sample_prices.csv,-0.0028756605690660963,-0.0028756605690660963,-0.009137425538076616,0.0,0.0,1.055349781979588
2024-10-24,medium_term_alpha\Results\sample_prices.csv,0.0004930717056281076,0.0004930717056281076,0.0021628346516617825,0.0,0.0,1.055870145096623
2024-10-25,medium_term_alpha\Results\sample_prices.csv,0.0006853720697830479,0.0006853720697830479,-0.0003452680895702498,0.0,0.0,1.05659380900339
2024-10-28,medium_term_alpha\Results\sample_prices.csv,0.0006948535559884927,0.0006948535559884927,0.003091318631785356,0.0,0.0,1.0573279869688115
2024-10-29,medium_term_alpha\Results\sample_prices.csv,0.0008465238161659892,0.0008465238161659892,0.0016184996077563962,0.0,0.0,1.0582230402912793
2024-10-30,medium_term_alpha\Results\sample_prices.csv,-0.0003192941286504269,-0.0003192941286504269,-0.003025551390748671,0.0,0.0,1.0578851558877118
2024-10-31,medium_term_alpha\Results\sample_prices.csv,-0.003063198283164403,-0.003063198283164403,-0.019603062776375357,0.0,0.0,1.0546446438944115
2024-11-01,medium_term_alpha\Results\sample_prices.csv,0.0011931342710394554,0.0011031342710394554,0.004220669678132172,0.18,8.999999999999999e-05,1.0558080585448597
2024-11-04,medium_term_alpha\Results\sample_prices.csv,0.0002880319709332157,0.0002880319709332157,-0.0021540154795790523,0.0,0.0,1.0561121650208896
2024-11-05,medium_term_alpha\Results\sample_prices.csv,0.001702317540553091,0.001702317540553091,0.012091927433606653,0.0,0.0,1.0579100032841962
2024-11-06,medium_term_alpha\Results\sample_prices.csv,0.0024444343340744765,0.0024444343340744765,0.02486558299940067,0.0,0.0,1.0604959948185848
2024-11-07,medium_term_alpha\Results\sample_prices.csv,0.0013474299750023944,0.0013474299750023944,0.007732165205981856,0.0,0.0,1.0619249389103735
2024-11-08,medium_term_alpha\Results\sample_prices.csv,-0.0005037643292431615,-0.0005037643292431615,0.00433153309150458,0.0,0.0,1.0613899790058168
2024-11-11,medium_term_alpha\Results\sample_prices.csv,-0.0009632204502337015,-0.0009632204502337015,0.0009529299349826381,0.0,0.0,1.0603676264723654
2024-11-12,medium_term_alpha\Results\sample_prices.csv,0.0012515404343323411,0.0012515404343323411,-0.003106343791748234,0.0,0.0,1.0616947194321524
2024-11-13,medium_term_alpha\Results\sample_prices.csv,-0.0008172975617117472,-0.0008172975617117472,0.0004857694632012244,0.0,0.0,1.0608269989266783
2024-11-14,medium_term_alpha\Results\sample_prices.csv,0.00020098616678174697,0.00020098616678174697,-0.00643012118573405,0.0,0.0,1.0610402104788113
2024-11-15,medium_term_alpha\Results\sample_prices.csv,-0.001954217957719011,-0.001954217957719011,-0.012808605553460195,0.0,0.0,1.0589667066456316
2024-11-18,medium_term_alpha\Results\sample_prices.csv,-0.0007733463238961424,-0.0007733463238961424,0.00409727563891793,0.0,0.0,1.058147758635919
2024-11-19,medium_term_alpha\Results\sample_prices.csv,0.0029368620406769173,0.0029368620406769173,0.0036554831031749835,0.0,0.0,1.0612553926216841
2024-11-20,medium_term_alpha\Results\sample_prices.csv,-0.0004571103774333296,-0.0004571103774333296,0.0003389043454062879,0.0,0.0,1.0607702817686095
2024-11-21,medium_term_alpha\Results\sample_prices.csv,0.0003207907875659277,0.0003207907875659277,0.005368235809295685,0.0,0.0,1.0611105671027248
2024-11-22,medium_term_alpha\Results\sample_prices.csv,-0.0019308632955381032,-0.0019308632955381032,0.0030993837232957677,0.0,0.0,1.0590617076561986
2024-11-25,medium_term_alpha\Results\sample_prices.csv,-0.0025065199521504523,-0.0025065199521504523,0.0033921526241242894,0.0,0.0,1.0564071483553998
2024-11-26,medium_term_alpha\Results\sample_prices.csv,0.0003970003163621927,0.0003970003163621927,0.005221376941263234,0.0,0.0,1.0568265423275043
2024-11-27,medium_term_alpha\Results\sample_prices.csv,-0.000692382920503316,-0.000692382920503316,-0.003030060111948951,0.0,0.0,1.0560948136796622
2024-11-29,medium_term_alpha\Results\sample_prices.csv,0.0012900968574207949,0.0012900968574207949,0.00621216929893964,0.0,0.0,1.0574572782799287
2024-12-02,medium_term_alpha\Results\sample_prices.csv,-0.0006688247894330112,-0.0006988247894330112,0.0017922586428635867,0.06,3e-05,1.0567183009201002
2024-12-03,medium_term_alpha\Results\sample_prices.csv,0.0003570584947815259,0.0003570584947815259,0.0004640913797882007,0.0,0.0,1.057095611166035
2024-12-04,medium_term_alpha\Results\sample_prices.csv,0.001739530267763827,0.001739530267763827,0.006209396695646685,0.0,0.0,1.0589344609775786
2024-12-05,medium_term_alpha\Results\sample_prices.csv,0.0004838031359474004,0.0004838031359474004,-0.00164570260080521,0.0,0.0,1.0594467767905622
2024-12-06,medium_term_alpha\Results\sample_prices.csv,-0.0006241779483484812,-0.0006241779483484812,0.0018957391595642026,0.0,0.0,1.0587854934750407
2024-12-09,medium_term_alpha\Results\sample_prices.csv,-0.002390162112964469,-0.002390162112964469,-0.005149524074316347,0.0,0.0,1.0562548245027803
2024-12-10,medium_term_alpha\Results\sample_prices.csv,-0.001850389414504412,-0.001850389414504412,-0.003109118553587864,0.0,0.0,1.0543003417565011
2024-12-11,medium_term_alpha\Results\sample_prices.csv,0.0020489917143610725,0.0020489917143610725,0.007730456849757372,0.0,0.0,1.0564605944212082
2024-12-12,medium_term_alpha\Results\sample_prices.csv,-0.0013412162679566951,-0.0013412162679566951,-0.005152491366319456,0.0,0.0,1.0550436522855153
2024-12-13,medium_term_alpha\Results\sample_prices.csv,-0.0017449144873723486,-0.0017449144873723486,-0.0001987246258569053,0.0,0.0,1.0532026913318322
2024-12-16,medium_term_alpha\Results\sample_prices.csv,-0.0010956081942242756,-0.0010956081942242756,0.004269983995014881,0.0,0.0,1.05204879383303
2024-12-17,medium_term_alpha\Results\sample_prices.csv,-0.001037356977005428,-0.001037356977005428,-0.004119848614991817,0.0,0.0,1.0509574436765972
2024-12-18,medium_term_alpha\Results\sample_prices.csv,-0.0026922743123736323,-0.0026922743123736323,-0.02980357345545892,0.0,0.0,1.0481279779475887
2024-12-19,medium_term_alpha\Results\sample_prices.csv,0.0014983869425098015,0.0014983869425098015,-0.00030710529101718453,0.0,0.0,1.0496984792238246
2024-12-20,medium_term_alpha\Results\sample_prices.csv,0.003040790598904981,0.003040790598904981,0.012010996856451017,0.0,0.0,1.0528903924911333
2024-12-23,medium_term_alpha\Results\sample_prices.csv,0.002413306769465051,0.002413306769465051,0.005988428509658306,0.0,0.0,1.055431340002837
2024-12-24,medium_term_alpha\Results\sample_prices.csv,0.0012228978235849961,0.0012228978235849961,0.01111496016850344,0.0,0.0,1.05672202469147
2024-12-26,medium_term_alpha\Results\sample_prices.csv,8.142575418632392e-05,8.142575418632392e-05,6.652365111459169e-05,0.0,0.0,1.0568080690792958
2024-12-27,medium_term_alpha\Results\sample_prices.csv,-0.0017382007286787004,-0.0017382007286787004,-0.010526513060112985,0.0,0.0,1.0549711245235487
2024-12-30,medium_term_alpha\Results\sample_prices.csv,-0.00025004850792478936,-0.00025004850792478936,-0.011411504539896478,0.0,0.0,1.054707330567958
