Date,AAPL,AMZN,GOOGL,JPM,MSFT,NVDA,SPY,UNH,XOM
2023-01-03,123.09602355957031,85.81999969482422,88.38945770263672,124.2925796508789,233.45278930664062,14.299908638000488,365.072021484375,487.19232177734375,95.4342041015625
2023-01-04,124.36567687988281,85.13999938964844,87.35798645019531,125.45165252685547,223.24081420898438,14.733450889587402,367.8905029296875,473.9096984863281,95.71196746826172
2023-01-05,123.04680633544922,83.12000274658203,85.4933853149414,125.42385864257812,216.6244659423828,14.249963760375977,363.69158935546875,460.25128173828125,97.85344696044922
2023-01-06,127.5741958618164,86.08000183105469,86.6240463256836,127.82389068603516,219.17745971679688,14.843335151672363,372.03179931640625,460.28887939453125,99.03617858886719
2023-01-09,128.09584045410156,87.36000061035156,87.29847717285156,127.29568481445312,221.3114471435547,15.611525535583496,371.8209533691406,460.34521484375,97.19039154052734
2023-01-10,128.6666717529297,89.87000274658203,87.69519805908203,128.4355010986328,222.99722290039062,15.892229080200195,374.42840576171875,456.5314025878906,98.64192199707031
2023-01-11,131.38314819335938,95.08999633789062,90.76979064941406,129.3899688720703,229.74024963378906,15.984131813049316,379.1641845703125,463.4826965332031,99.78881072998047
2023-01-12,131.3043975830078,95.2699966430664,90.38298797607422,129.26026916503906,232.41015625,16.493595123291016,380.5445556640625,465.6150817871094,101.4464340209961
2023-01-13,132.63308715820312,98.12000274658203,91.36486053466797,132.5220489501953,233.1117706298828,16.881183624267578,382.0209045410156,459.8848876953125,101.38372039794922
2023-01-17,133.7944793701172,96.05000305175781,90.54167938232422,130.47413635253906,234.20309448242188,17.68334197998047,381.3211364746094,455.66717529296875,101.18659210205078
2023-01-18,133.07598876953125,95.45999908447266,90.3730697631836,126.55435943603516,229.7792205810547,17.358686447143555,375.30078125,447.36322021484375,99.10784912109375
2023-01-19,133.13504028320312,93.68000030517578,92.28724670410156,124.86786651611328,225.99842834472656,16.747325897216797,372.5686950683594,454.9908752441406,99.74403381347656
2023-01-20,135.69398498535156,97.25,97.21650695800781,125.17366027832031,234.076416015625,17.82019805908203,379.5092468261719,457.2077941894531,101.56291961669922
2023-01-23,138.8828887939453,97.5199966430664,98.97199249267578,127.20304870605469,236.37606811523438,19.172765731811523,384.06280517578125,456.3529052734375,101.03427124023438
2023-01-24,140.2804718017578,96.31999969482422,96.89913177490234,128.29644775390625,235.84986877441406,19.24468994140625,383.65069580078125,461.7918395996094,101.97508239746094
2023-01-25,139.62106323242188,97.18000030517578,94.439453125,128.91734313964844,234.4564666748047,19.302631378173828,383.7944030761719,462.6372375488281,101.43746948242188
2023-01-26,141.68792724609375,99.22000122070312,96.72059631347656,129.7142791748047,241.65745544433594,19.781124114990234,388.0124816894531,462.6185607910156,105.51433563232422
2023-01-27,143.62680053710938,102.23999786376953,98.55545043945312,130.0293731689453,241.8133544921875,20.343530654907227,388.90399169921875,456.5783386230469,103.58790588378906
2023-01-30,140.7429962158203,100.55000305175781,96.14537048339844,128.92662048339844,236.5027618408203,19.141801834106445,384.0245056152344,456.3341979980469,101.75109100341797
2023-01-31,142.01266479492188,103.12999725341797,98.02977752685547,129.69577026367188,241.4722900390625,19.516408920288086,389.67095947265625,468.921630859375,103.94631958007812
2023-02-01,143.1346893310547,105.1500015258789,99.60674285888672,129.35289001464844,246.2859649658203,20.92092514038086,393.8122863769531,466.86444091796875,102.80838012695312
2023-02-02,148.43960571289062,112.91000366210938,106.85682678222656,128.7505340576172,257.8329162597656,21.686113357543945,399.54498291015625,442.2812194824219,99.59169006347656
2023-02-03,152.0615234375,103.38999938964844,103.92108917236328,130.74285888671875,251.74281311035156,21.0777587890625,395.2981872558594,443.3990478515625,100.28163146972656
2023-02-06,149.3352508544922,102.18000030517578,102.05650329589844,131.51202392578125,250.2031707763672,21.066770553588867,392.8824157714844,446.423828125,100.11137390136719
2023-02-07,152.2091522216797,102.11000061035156,106.75762939453125,133.11512756347656,260.71722412109375,22.149625778198242,398.020751953125,447.9644470214844,102.96965789794922
2023-02-08,149.52224731445312,100.05000305175781,98.55545043945312,132.17919921875,259.9084777832031,22.181591033935547,393.66851806640625,453.91998291015625,102.0736312866211
2023-02-09,148.48883056640625,98.23999786376953,94.23118591308594,130.1220245361328,256.8779296875,22.313453674316406,390.2557373046875,456.2778015136719,102.45892333984375
2023-02-10,148.85353088378906,97.61000061035156,93.7947769165039,130.696533203125,256.37127685546875,21.242582321166992,391.1664733886719,464.2811584472656,106.7777099609375
2023-02-13,151.6529998779297,99.54000091552734,93.8344497680664,132.11434936523438,264.38104248046875,21.765029907226562,395.7583312988281,465.3144836425781,106.36235809326172
2023-02-14,151.0122833251953,99.69999694824219,93.90388488769531,132.6981201171875,265.2093200683594,22.9467830657959,395.57623291015625,462.9472961425781,105.1163558959961
2023-02-15,153.11183166503906,101.16000366210938,96.14537048339844,133.25413513183594,263.08953857421875,22.740001678466797,396.86083984375,461.46307373046875,104.80034637451172
2023-02-16,151.5149688720703,98.1500015258789,94.72708129882812,131.41934204101562,256.08538818359375,21.97880744934082,391.39654541015625,457.799560546875,104.49335479736328
2023-02-17,150.3715362548828,97.19999694824219,93.57658386230469,131.8085479736328,252.0900115966797,21.365455627441406,390.41864013671875,468.8182678222656,100.47542572021484
2023-02-21,146.3596649169922,94.58000183105469,91.03758239746094,129.3899688720703,246.82469177246094,20.633228302001953,382.58648681640625,461.5193786621094,100.3760986328125
2023-02-22,146.78350830078125,95.79000091552734,90.89872741699219,128.39845275878906,245.69154357910156,20.732120513916016,382.0592956542969,459.2461853027344,99.07591247558594
2023-02-23,147.2665557861328,95.81999969482422,90.14494323730469,129.42701721191406,248.8761444091797,23.639057159423828,384.0916442871094,461.8763427734375,99.98785400390625
2023-02-24,144.6149444580078,93.5,88.39937591552734,130.59458923339844,243.4545135498047,23.26145362854004,379.9886169433594,454.9626770019531,99.99688720703125
2023-02-27,145.80764770507812,93.76000213623047,89.1333236694336,131.7344207763672,244.37277221679688,23.476228713989258,381.2827453613281,454.013916015625,99.8163070678711
2023-02-28,145.304931640625,94.2300033569336,89.32174682617188,132.83714294433594,243.64990234375,23.191526412963867,379.8735656738281,447.08148193359375,99.23844909667969
2023-03-01,143.2349090576172,92.16999816894531,89.61930847167969,132.09579467773438,240.57276916503906,22.674072265625,378.4163818359375,446.40509033203125,100.12327575683594
2023-03-02,143.8263702392578,92.12999725341797,91.245849609375,130.72439575195312,245.3008270263672,23.28942108154297,381.3594665527344,448.73468017578125,100.58377075195312
2023-03-03,148.87326049804688,94.9000015258789,92.88232421875,133.12440490722656,249.38409423828125,23.86481475830078,387.4756774902344,449.5425720214844,101.85687255859375
2023-03-06,151.63327026367188,93.75,94.35020446777344,132.34603881835938,250.9275360107422,23.529170989990234,387.7440490722656,451.6279602050781,102.759765625
2023-03-07,149.4351043701172,93.55000305175781,93.09060668945312,128.45401000976562,248.27047729492188,23.26740074157715,381.8004455566406,445.14630126953125,100.77338409423828
2023-03-08,150.68699645996094,93.91999816894531,93.47740936279297,127.69416809082031,247.83084106445312,24.159610748291016,382.423583984375,442.0652160644531,99.30165100097656
2023-03-09,148.43951416015625,92.25,91.56322479248047,120.78124237060547,246.4828338623047,23.41527557373047,375.367919921875,436.7202453613281,98.53417205810547
2023-03-10,146.37937927246094,90.7300033569336,89.88706970214844,123.84852600097656,242.83909606933594,22.944684982299805,369.9515380859375,433.9580383300781,97.31525421142578
2023-03-13,148.32125854492188,92.43000030517578,90.36315155029297,121.62451934814453,248.04579162597656,22.9456844329834,369.4242858886719,437.1161804199219,96.19564056396484
2023-03-14,150.41098022460938,94.87999725341797,93.19971466064453,124.74739837646484,254.75685119628906,24.04171371459961,375.5309143066406,437.9645690917969,96.55680084228516
2023-03-15,150.80526733398438,96.19999694824219,95.3221664428711,118.85379791259766,259.2992858886719,24.20656967163086,373.1822204589844,438.7658996582031,91.75335693359375
2023-03-16,153.6243896484375,100.04000091552734,99.4976577758789,121.16118621826172,269.81036376953125,25.518407821655273,379.7297668457031,444.9783630371094,91.22064208984375
2023-03-17,152.78656005859375,98.94999694824219,100.78700256347656,116.58348083496094,272.96563720703125,25.70224380493164,375.28973388671875,442.60272216796875,90.14615631103516
2023-03-20,155.15231323242188,97.70999908447266,100.3902816772461,117.81594848632812,265.93218994140625,25.877090454101562,378.89837646484375,449.6353454589844,92.50275421142578
2023-03-21,157.00547790527344,100.61000061035156,104.0599365234375,120.97584533691406,267.4462890625,26.175827026367188,383.87353515625,452.595458984375,96.6470947265625
2023-03-22,155.57615661621094,98.69999694824219,102.52265167236328,117.8530044555664,265.9908447265625,26.44458770751953,377.32977294921875,448.27783203125,94.43496704101562
2023-03-23,156.66043090820312,98.70999908447266,104.73436737060547,117.5379409790039,271.236572265625,27.166950225830078,378.349853515625,442.9892578125,93.36955261230469
2023-03-24,157.9615478515625,98.12999725341797,104.57568359375,115.74946594238281,274.0792541503906,26.75531578063965,380.83258056640625,448.7209167480469,93.47789764404297
2023-03-27,156.01971435546875,98.04000091552734,101.62010955810547,119.06694030761719,269.9862060546875,26.50753402709961,381.544677734375,454.2923583984375,95.5274887084961
2023-03-28,155.39871215820312,97.23999786376953,100.20183563232422,119.4283218383789,268.86279296875,26.38664436340332,380.688232421875,445.5062561035156,96.71932220458984
2023-03-29,158.47418212890625,100.25,100.55887603759766,119.66925811767578,274.0206604003906,26.960132598876953,386.2215270996094,439.8594665527344,98.38068389892578
2023-03-30,160.0414276123047,102.0,100.06298065185547,119.30786895751953,277.4787902832031,27.35877799987793,388.4829406738281,443.13067626953125,98.85922241210938
2023-03-31,162.54518127441406,103.29000091552734,102.87971496582031,120.75344848632812,281.63043212890625,27.752431869506836,393.95849609375,445.5157165527344,99.01274108886719
2023-04-03,163.7970428466797,102.41000366210938,103.5045394897461,120.61445617675781,280.585205078125,27.940263748168945,395.4596252441406,465.8782653808594,104.8545150756836
2023-04-04,163.2647705078125,103.94999694824219,103.861572265625,119.00205993652344,280.53631591796875,27.42871856689453,393.26556396484375,464.99212646484375,103.85228729248047
2023-04-05,161.4214630126953,101.0999984741211,103.61363983154297,119.17950439453125,277.7620849609375,26.857227325439453,392.2359619140625,480.056640625,105.63101959228516
2023-04-06,162.3086395263672,102.05999755859375,107.53125,119.04875946044922,284.8540954589844,27.01308822631836,393.7659912109375,483.4315185546875,103.87937927246094
2023-04-10,159.71615600585938,102.16999816894531,105.56748962402344,119.44100189208984,282.6952209472656,27.55460548400879,394.170166015625,485.66583251953125,103.41888427734375
2023-04-11,158.50375366210938,99.91999816894531,104.4864273071289,120.02938079833984,276.2870178222656,27.144969940185547,394.2760314941406,491.1240234375,104.1502456665039
2023-04-12,157.8137664794922,97.83000183105469,103.78224182128906,120.01071166992188,276.93170166015625,26.4715633392334,392.6689758300781,491.3314514160156,104.04191589355469
2023-04-13,163.19577026367188,102.4000015258789,106.54936981201172,120.46834564208984,283.134765625,26.439594268798828,397.8846130371094,496.0826110839844,104.52948760986328
2023-04-14,162.8507843017578,102.51000213623047,107.97757720947266,129.5648651123047,279.52044677734375,26.73433494567871,396.91265869140625,482.4700012207031,104.78229522705078
2023-04-17,162.87046813964844,102.73999786376953,105.10134887695312,130.59219360351562,282.1188659667969,26.97811508178711,398.3369445800781,476.3988952636719,103.56336212158203
2023-04-18,164.0927734375,102.30000305175781,103.64338684082031,132.05848693847656,281.6988830566406,27.64253044128418,398.5967102050781,475.5787353515625,105.58588409423828
2023-04-19,165.23623657226562,104.30000305175781,103.32601165771484,131.89036560058594,281.7769470214844,27.906293869018555,398.52947998046875,458.34600830078125,105.2518081665039
2023-04-20,164.2701873779297,103.80999755859375,104.42691802978516,131.5074462890625,279.4911193847656,27.080028533935547,396.3546142578125,459.53375244140625,104.41210174560547
2023-04-21,162.66348266601562,106.95999908447266,104.54593658447266,131.2552947998047,279.14923095703125,27.095012664794922,396.66253662109375,456.1023864746094,104.74615478515625
2023-04-24,162.96905517578125,106.20999908447266,105.10134887695312,131.43272399902344,275.25146484375,27.018083572387695,397.0762939453125,460.9290466308594,106.72354125976562
2023-04-25,161.43130493164062,102.56999969482422,102.99872589111328,128.5749053955078,269.0484313964844,26.217792510986328,390.773193359375,463.7383117675781,105.2066421508789
2023-04-26,161.4214630126953,104.9800033569336,102.85986328125,126.29607391357422,288.536865234375,26.93215560913086,389.1180419921875,455.2821960449219,104.24053955078125
2023-04-27,166.00506591796875,109.81999969482422,106.70805358886719,127.995849609375,297.778076171875,27.201921463012695,396.86456298828125,462.3713684082031,105.4865493774414
2023-04-28,167.25689697265625,105.44999694824219,106.4601058959961,129.10726928710938,300.1518859863281,27.724458694458008,400.2519226074219,463.8985290527344,106.84994506835938
2023-05-01,167.168212890625,102.05000305175781,106.32125854492188,131.87168884277344,298.49114990234375,28.884429931640625,399.8478088378906,467.3017578125,103.5362777709961
2023-05-02,166.13320922851562,103.62999725341797,104.4566650390625,129.7423095703125,298.3446044921875,28.185047149658203,395.3537292480469,465.1240539550781,99.41000366210938
2023-05-03,165.05877685546875,103.6500015258789,104.54593658447266,126.99653625488281,297.3580017089844,27.777408599853516,392.6400451660156,461.4004211425781,97.45069122314453
2023-05-04,163.42247009277344,104.0,103.83184051513672,125.25942993164062,298.3446044921875,27.537622451782227,389.85906982421875,459.3641357421875,95.74419403076172
2023-05-05,171.0913848876953,105.66000366210938,104.70462036132812,127.70633697509766,303.4634094238281,28.65463638305664,397.0762939453125,465.96307373046875,98.12787628173828
2023-05-08,171.02235412597656,105.83000183105469,106.88658142089844,128.01454162597656,301.50970458984375,29.12521743774414,397.18212890625,464.39825439453125,98.51612091064453
2023-05-09,169.31707763671875,106.62000274658203,106.47002410888672,127.39813995361328,299.8978271484375,28.54572868347168,395.44036865234375,462.2864685058594,98.543212890625
2023-05-10,171.08152770996094,110.19000244140625,110.8339614868164,127.4635238647461,305.08502197265625,28.859455108642578,397.2879943847656,461.9942321777344,97.27912139892578
2023-05-11,171.26881408691406,112.18000030517578,115.61444854736328,127.06194305419922,302.9358215332031,28.55272102355957,396.59515380859375,460.75933837890625,95.51846313476562
2023-05-12,170.34095764160156,110.26000213623047,116.54674530029297,125.24077606201172,301.8222961425781,28.314937591552734,396.0755310058594,463.08782958984375,95.50942993164062
2023-05-15,169.84742736816406,111.19999694824219,115.554931640625,126.29607391357422,302.3009338378906,28.927392959594727,397.44195556640625,458.96820068359375,95.69158172607422
2023-05-16,169.84742736816406,113.4000015258789,118.53034973144531,125.44623565673828,304.52813720703125,29.18716049194336,394.7859802246094,452.2372131347656,93.36918640136719
2023-05-17,170.45941162109375,115.5,119.84944152832031,129.30332946777344,307.4064025878906,30.151308059692383,399.5782775878906,457.0356750488281,95.46389770507812
2023-05-18,172.78892517089844,118.1500015258789,121.82313537597656,130.2840118408203,311.83154296875,31.649980545043945,403.4275207519531,451.77532958984375,96.32910919189453
2023-05-19,172.8975067138672,116.25,121.75370788574219,129.98513793945312,311.6552734375,31.236343383789062,402.8404846191406,451.3887939453125,96.7753677368164
2023-05-22,171.9499053955078,115.01000213623047,124.02494049072266,128.91110229492188,314.4356689453125,31.148426055908203,403.0041198730469,453.085693359375,95.60050964355469
2023-05-23,169.343994140625,114.98999786376953,121.55534362792969,127.56626892089844,308.6400146484375,30.660856246948242,398.48126220703125,451.9732666015625,96.90286254882812
2023-05-24,169.62037658691406,116.75,119.9089584350586,126.3988265991211,307.25958251953125,30.510990142822266,395.59429931640625,453.2835693359375,97.98664093017578
2023-05-25,170.75555419921875,115.0,122.46781158447266,126.7070083618164,319.0761413574219,37.94640350341797,399.0201721191406,450.3330078125,96.22892761230469
2023-05-26,173.16400146484375,120.11000061035156,123.58855438232422,127.89311218261719,325.8998107910156,38.91155242919922,404.1877746582031,453.9341125488281,95.60050964355469
2023-05-30,175.00985717773438,121.66000366210938,122.65625,128.37876892089844,324.2550048828125,40.07551956176758,404.3417053222656,452.35980224609375,94.7535171508789
2023-05-31,174.96051025390625,120.58000183105469,121.8628158569336,126.74437713623047,321.49432373046875,37.80052947998047,402.0995178222656,459.3263854980469,93.05953979492188
2023-06-01,177.7637939453125,122.7699966430664,122.70584106445312,128.49087524414062,325.59625244140625,39.73482131958008,405.9198913574219,465.3503112792969,94.13420867919922
2023-06-02,178.61270141601562,124.25,123.6480484008789,131.18994140625,328.3570861816406,39.29220962524414,411.78997802734375,470.9594421386719,96.31999206542969
2023-06-05,177.26039123535156,125.30000305175781,124.97706604003906,129.9010772705078,328.8857116699219,39.1363525390625,411.00091552734375,469.64910888671875,95.8919448852539
2023-06-06,176.8951873779297,126.61000061035156,126.26641845703125,130.13458251953125,326.6731262207031,38.619815826416016,411.8958435058594,459.6375427246094,96.67518615722656
2023-06-07,175.52313232421875,121.2300033569336,121.49584197998047,131.3953857421875,316.5894775390625,37.445716857910156,410.4715881347656,454.5091552734375,98.84273529052734
2023-06-08,178.23764038085938,124.25,121.13878631591797,131.43272399902344,318.42999267578125,38.47991943359375,412.954345703125,462.1451721191406,98.53308868408203
2023-06-09,178.62257385253906,123.43000030517578,121.2280502319336,131.6942596435547,319.9278259277344,38.73971176147461,413.6953430175781,465.34088134765625,97.80450439453125
2023-06-12,181.416015625,126.56999969482422,122.6264877319336,131.68492126464844,324.88165283203125,39.4511604309082,417.4483337402344,464.3699035644531,96.92108154296875
2023-06-13,180.94219970703125,126.66000366210938,122.81494140625,132.63751220703125,327.2703552246094,40.989959716796875,420.2005310058594,463.1632385253906,96.93930053710938
2023-06-14,181.57395935058594,126.41999816894531,122.65625,132.14254760742188,330.2563781738281,42.963417053222656,420.7008972167969,433.5149841308594,95.7735595703125
2023-06-15,183.6073455810547,127.11000061035156,124.0645980834961,133.6368408203125,340.79034423828125,42.619686126708984,425.9166259765625,441.00244140625,96.43839263916016
2023-06-16,182.5314178466797,125.48999786376953,122.51740264892578,133.7956085205078,335.1414794921875,42.65864562988281,424.4658203125,433.997802734375,95.74622344970703
2023-06-20,182.62026977539062,125.77999877929688,122.09092712402344,133.11383056640625,330.9513854980469,43.77377700805664,422.2636413574219,444.3155517578125,93.55133819580078
2023-06-21,181.58383178710938,124.83000183105469,119.56183624267578,132.91770935058594,326.55572509765625,43.011375427246094,420.1000671386719,451.2823791503906,94.59869384765625
2023-06-22,184.58456420898438,130.14999389648438,122.14051055908203,130.35873413085938,332.5765380859375,42.99139404296875,421.61651611328125,453.4594421386719,94.07957458496094
2023-06-23,184.2687225341797,129.3300018310547,121.33714294433594,129.6769561767578,327.98504638671875,42.176025390625,418.4290771484375,451.5189514160156,93.25990295410156
2023-06-26,182.87689208984375,127.33000183105469,117.36994171142578,129.99449157714844,321.6998291015625,40.60026550292969,416.7195129394531,453.4689025878906,94.981201171875
2023-06-27,185.630859375,129.17999267578125,117.36002349853516,130.0038299560547,327.5444641113281,41.84328842163086,421.2881164550781,456.781982421875,95.21800231933594
2023-06-28,186.80552673339844,129.0399932861328,119.19485473632812,129.43411254882812,328.797607421875,41.08488082885742,421.5006408691406,449.10516357421875,95.99213409423828
2023-06-29,187.14109802246094,127.9000015258789,118.12370300292969,133.95437622070312,328.01446533203125,40.79011154174805,423.16192626953125,450.9888610839844,97.17608642578125
2023-06-30,191.46453857421875,130.36000061035156,118.71878814697266,135.8315887451172,333.38909912109375,42.26895523071289,428.1555480957031,454.9644775390625,97.677001953125
2023-07-03,189.97402954101562,130.22000122070312,118.91715240478516,136.92430114746094,330.8926696777344,42.37986755371094,428.64813232421875,452.3519592285156,97.8682632446289
2023-07-05,188.85862731933594,130.3800048828125,120.7519760131836,136.0121307373047,331.04931640625,42.28395462036133,428.0106506347656,446.0477600097656,97.36734008789062
2023-07-06,189.33241271972656,128.36000061035156,119.12543487548828,134.6674346923828,334.103759765625,42.07011795043945,424.6590576171875,444.2870788574219,93.73348999023438
2023-07-07,188.21702575683594,129.77999877929688,118.50060272216797,135.73004150390625,330.13885498046875,42.46979904174805,423.5869140625,436.92266845703125,93.95207214355469
2023-07-10,186.1737823486328,127.12999725341797,115.49542999267578,136.49171447753906,324.86199951171875,42.14705276489258,424.6590576171875,438.31414794921875,95.34549713134766
2023-07-11,185.650634765625,128.77999877929688,116.17977142333984,138.62632751464844,325.4886169433594,42.37187957763672,427.363525390625,438.1627502441406,96.51123809814453
2023-07-12,187.3188018798828,130.8000030517578,117.95509338378906,139.31277465820312,330.1192932128906,43.86770248413086,430.8020324707031,427.5704650878906,96.9848403930664
2023-07-13,188.07884216308594,134.3000030517578,123.51911163330078,139.98980712890625,335.4645690917969,45.94109344482422,434.2212829589844,423.8314514160156,95.20889282226562
2023-07-14,188.2268829345703,134.67999267578125,124.39190673828125,140.83615112304688,337.9904479980469,45.4334831237793,433.95086669921875,454.5196533203125,91.93022918701172
2023-07-17,191.48426818847656,133.55999755859375,123.62821960449219,144.23080444335938,338.4701232910156,46.424705505371094,435.45758056640625,458.2207946777344,92.33094787597656
2023-07-18,191.2276153564453,132.8300018310547,122.7455062866211,144.49411010742188,351.9411926269531,47.45690155029297,438.6932678222656,473.2903137207031,91.91200256347656
2023-07-19,192.5799560546875,135.36000061035156,121.02967834472656,145.04891967773438,347.6238098144531,47.04022216796875,439.66888427734375,476.7926940917969,92.54952239990234
2023-07-20,190.6353759765625,129.9600067138672,118.22289276123047,146.83555603027344,339.5862121582031,45.484439849853516,436.7518615722656,477.30377197265625,94.17974853515625
2023-07-21,189.4607391357422,130.0,119.03616333007812,145.70713806152344,336.5513000488281,44.274391174316406,436.7518615722656,479.47149658203125,94.61690521240234
2023-07-24,190.26028442382812,128.8000030517578,120.53379821777344,148.57521057128906,337.8631591796875,44.57715606689453,438.70294189453125,481.506591796875,96.10140228271484
2023-07-25,191.1190643310547,129.1300048828125,121.20821380615234,147.46559143066406,343.60992431640625,45.64331817626953,439.900634765625,483.636474609375,96.24713897705078
2023-07-26,191.98768615722656,128.14999389648438,128.21034240722656,148.34951782226562,330.6773376464844,45.4164924621582,439.9682922363281,480.8630065917969,95.70978546142578
2023-07-27,190.72422790527344,128.25,128.33926391601562,146.71331787109375,323.7752990722656,45.86415100097656,437.05126953125,478.2409362792969,96.01033782958984
2023-07-28,193.300537109375,132.2100067138672,131.4932098388672,147.55023193359375,331.26470947265625,46.71348571777344,441.33013916015625,476.0448913574219,94.8628158569336
2023-07-31,193.9124755859375,133.67999267578125,131.63206481933594,148.53761291503906,328.86614990234375,46.692501068115234,442.17047119140625,479.3200378417969,97.66789245605469
2023-08-01,193.08334350585938,131.69000244140625,130.4716796875,147.80410766601562,329.27734375,46.470672607421875,440.9051818847656,477.777099609375,97.10324096679688
2023-08-02,190.09251403808594,128.2100067138672,127.32762908935547,146.13027954101562,320.6229248046875,44.23442077636719,434.7718200683594,477.83392333984375,95.8919448852539
2023-08-03,188.70069885253906,128.91000366210938,127.39705657958984,147.02366638183594,319.8006286621094,44.48023223876953,433.5258483886719,477.8906555175781,97.55860137939453
2023-08-04,179.63926696777344,139.57000732421875,127.05985260009766,146.71331787109375,320.8970947265625,44.64509963989258,431.5650939941406,475.8744812011719,97.83180236816406
2023-08-07,176.53982543945312,142.22000122070312,130.45181274414062,147.4091796875,323.17816162109375,45.381526947021484,435.33203125,483.45660400390625,97.63145446777344
2023-08-08,177.4775390625,139.94000244140625,130.3228759765625,146.5816650390625,319.20343017578125,44.629119873046875,433.4389343261719,478.83721923828125,98.1141586303711
2023-08-09,175.88836669921875,137.85000610351562,128.59715270996094,144.6163330078125,315.4636535644531,42.52075958251953,430.541259765625,475.2876281738281,99.78081512451172
2023-08-10,175.6712188720703,138.55999755859375,128.6268768310547,144.4000701904297,316.14892578125,42.354896545410156,430.69580078125,476.5845031738281,100.29083251953125
2023-08-11,175.73048400878906,138.41000366210938,128.49795532226562,145.23695373535156,314.2692565917969,40.82308578491211,430.44464111328125,480.8724670410156,101.84819793701172
2023-08-14,177.3811798095703,140.57000732421875,130.25343322753906,145.5378875732422,317.2356262207031,43.71883010864258,432.82073974609375,483.636474609375,101.93016052246094
2023-08-15,175.39443969726562,137.6699981689453,128.7161865234375,141.83290100097656,315.10137939453125,43.90567398071289,427.7788391113281,479.6229248046875,99.31327819824219
2023-08-16,174.524658203125,135.07000732421875,127.64501190185547,141.2310791015625,314.3360900878906,43.45203399658203,424.6397399902344,476.6601867675781,97.64213562011719
2023-08-17,171.9844207763672,133.97999572753906,128.8550262451172,139.76412963867188,310.8828125,43.31014633178711,421.404052734375,467.5730285644531,99.53363800048828
2023-08-18,172.46876525878906,133.22000122070312,126.41516876220703,140.08384704589844,310.4903564453125,43.26518249511719,421.6068420410156,471.8136901855469,101.03949737548828
2023-08-21,173.80308532714844,134.67999267578125,127.31771850585938,140.56341552734375,315.7881774902344,46.93031692504883,424.3499755859375,471.09423828125,99.81828308105469
2023-08-22,175.17698669433594,134.25,128.02188110351562,137.64833068847656,316.3572082519531,45.63233184814453,423.2005615234375,466.0395202636719,99.25817108154297
2023-08-23,179.0219268798828,135.52000427246094,131.28492736816406,138.5792694091797,320.8112487792969,47.07920455932617,427.91400146484375,463.2944641113281,98.38587188720703
2023-08-24,174.33685302734375,131.83999633789062,128.7161865234375,138.44764709472656,313.9142761230469,47.126163482666016,421.98358154296875,462.02606201171875,97.65130615234375
2023-08-25,176.54100036621094,133.25999450683594,128.81533813476562,138.2783660888672,316.8673400878906,45.9820556640625,424.95843505859375,462.9915466308594,99.39591979980469
2023-08-28,178.1027069091797,133.13999938964844,129.93606567382812,138.75794982910156,317.57373046875,46.79841995239258,427.6533508300781,465.0361328125,100.23148345947266
2023-08-29,181.98716735839844,134.91000366210938,133.46690368652344,139.88636779785156,322.1945495605469,48.74589538574219,433.8349304199219,466.5033264160156,100.82830810546875
2023-08-30,185.4762725830078,135.07000732421875,134.7661590576172,139.3221893310547,322.5673828125,49.225521087646484,435.621826171875,465.2727966308594,101.81078338623047
2023-08-31,185.6937255859375,138.00999450683594,135.05377197265625,137.60134887695312,321.5568542480469,49.31645202636719,434.9842834472656,451.12139892578125,102.09544372558594
2023-09-01,187.2653045654297,138.1199951171875,134.54795837402344,138.06211853027344,322.4398498535156,48.47111129760742,435.7956848144531,450.7995910644531,104.23485565185547
2023-09-05,187.50253295898438,137.27000427246094,134.6570587158203,136.5387420654297,327.2372741699219,48.51007843017578,433.91217041015625,455.1254577636719,104.2440414428711
2023-09-06,180.7912139892578,135.36000061035156,133.3577880859375,136.3130645751953,326.5799865722656,47.02811813354492,430.9952392578125,451.4621887207031,105.14388275146484
2023-09-07,175.503173828125,137.85000610351562,134.1512451171875,135.14703369140625,323.6661682128906,46.20868682861328,429.6719665527344,458.91180419921875,104.62969207763672
2023-09-08,176.11599731445312,138.22999572753906,135.2620849609375,135.25047302246094,327.9436340332031,45.5401611328125,430.3190612792969,456.8592529296875,106.15391540527344
2023-09-11,177.28233337402344,143.10000610351562,135.79763793945312,135.84288024902344,331.544189453125,45.14643096923828,433.1491394042969,455.5383605957031,104.82251739501953
2023-09-12,174.25778198242188,141.22999572753906,134.23057556152344,137.6107177734375,325.4909362792969,44.838645935058594,430.7730407714844,456.0324401855469,107.880126953125
2023-09-13,172.19200134277344,144.85000610351562,135.58937072753906,137.67657470703125,329.69976806640625,45.453224182128906,431.27532958984375,455.9754638671875,106.916015625
2023-09-14,173.70425415039062,144.72000122070312,136.9679718017578,140.34713745117188,332.2898254394531,45.549156188964844,434.9939270019531,459.54840087890625,108.82588958740234
2023-09-15,172.9827117919922,140.38999938964844,136.27369689941406,139.93341064453125,323.9703674316406,43.869319915771484,429.75299072265625,462.4942321777344,107.1547622680664
2023-09-18,175.90841674804688,139.97999572753906,137.07705688476562,140.2248992919922,322.8322448730469,43.93527603149414,430.00506591796875,461.8860778808594,108.01786041259766
2023-09-19,176.9956817626953,137.6300048828125,136.908447265625,140.04623413085938,322.42999267578125,43.48958969116211,429.1133117675781,456.7546691894531,107.73323822021484
2023-09-20,173.45716857910156,135.2899932861328,132.64369201660156,139.45384216308594,314.6991271972656,42.2094841003418,425.16827392578125,467.6542053222656,106.87928009033203
2023-09-21,171.9152069091797,129.3300018310547,129.37075805664062,138.36302185058594,313.48260498046875,40.98834228515625,418.1409606933594,476.2161560058594,105.37342834472656
2023-09-22,172.76524353027344,129.1199951171875,129.18231201171875,137.03713989257812,311.01031494140625,41.58092498779297,417.20074462890625,480.9294128417969,105.53871154785156
2023-09-25,174.0403289794922,131.27000427246094,130.0352783203125,137.71417236328125,311.5302734375,42.192501068115234,418.9551086425781,484.9015197753906,106.72319030761719
2023-09-26,169.9680633544922,125.9800033569336,127.51609802246094,136.2848358154297,306.2325134277344,41.881717681884766,412.8001708984375,480.311767578125,106.88847351074219
2023-09-27,168.4557647705078,125.9800033569336,129.4699249267578,137.0841522216797,306.87017822265625,42.438323974609375,412.9649353027344,478.67730712890625,110.36847686767578
2023-09-28,168.71275329589844,125.9800033569336,131.22543334960938,138.78619384765625,307.7040710449219,43.05889129638672,415.3591003417969,484.7304992675781,109.69818878173828
2023-09-29,169.22671508789062,127.12000274658203,129.78732299804688,136.36947631835938,309.7741394042969,43.46860122680664,414.35101318359375,479.1144104003906,107.9627914428711
2023-10-02,171.73728942871094,129.4600067138672,133.07017517089844,135.19403076171875,315.70965576171875,44.75070571899414,414.186279296875,488.97821044921875,106.17227172851562
2023-10-03,170.40293884277344,124.72000122070312,131.34445190429688,134.197265625,307.45880126953125,43.48658752441406,408.6419372558594,484.1318359375,106.35591888427734
2023-10-04,171.64834594726562,127.0,134.13140869140625,134.79908752441406,312.92340087890625,44.01022720336914,411.61767578125,485.22454833984375,102.38007354736328
2023-10-05,172.8838653564453,125.95999908447266,133.9628143310547,135.36746215820312,313.3158874511719,44.656776428222656,411.46258544921875,490.5556335449219,100.07538604736328
2023-10-06,175.43397521972656,127.95999908447266,136.4522247314453,137.45150756835938,321.0662841796875,45.73002624511719,416.3478088378906,498.70892333984375,98.40423583984375
2023-10-09,176.9166259765625,128.25999450683594,137.2853546142578,137.13893127441406,323.577880859375,45.241363525390625,419.01336669921875,500.3243408203125,101.84752655029297
2023-10-10,176.3235321044922,129.47999572753906,136.92828369140625,137.97250366210938,322.17498779296875,45.765995025634766,421.1942443847656,498.167236328125,101.41595458984375
2023-10-11,177.7172088623047,131.8300018310547,139.3978729248047,138.44615173339844,326.12872314453125,46.77328872680664,422.9195251464844,498.06268310546875,97.77987670898438
2023-10-12,178.61669921875,132.3300018310547,137.83082580566406,138.1240692138672,324.8924865722656,46.912193298339844,420.3412780761719,499.40252685546875,97.76150512695312
2023-10-13,176.77821350097656,129.7899932861328,136.23399353027344,140.1986541748047,321.5274353027344,45.42922592163086,418.2475891113281,512.5732421875,100.88340759277344
2023-10-16,176.64971923828125,132.5500030517578,137.9597625732422,140.0565643310547,326.3445129394531,46.06279373168945,422.64813232421875,511.2713928222656,100.95684814453125
2023-10-17,175.097900390625,131.47000122070312,138.57470703125,139.75341796875,325.77545166015625,43.90729522705078,422.6286926269531,509.9601135253906,102.27908325195312
2023-10-18,173.80308532714844,128.1300048828125,136.82913208007812,138.2188262939453,323.86236572265625,42.16651916503906,416.99713134765625,509.39935302734375,103.71147155761719
2023-10-19,173.42750549316406,128.39999389648438,136.62086486816406,137.63145446777344,325.0494689941406,42.07158660888672,413.3332824707031,505.1897277832031,103.77574920654297
2023-10-20,170.87738037109375,125.16999816894531,134.48846435546875,135.4148406982422,320.4874572753906,41.35808181762695,408.2541809082031,500.8185119628906,101.99443054199219
2023-10-23,170.99598693847656,126.55999755859375,135.38108825683594,133.56761169433594,323.0873718261719,42.944969177246094,407.546630859375,495.6300048828125,100.49774932861328
2023-10-24,171.43089294433594,128.55999755859375,137.67213439941406,133.72865295410156,324.27447509765625,43.63249206542969,410.6192932128906,498.8894348144531,99.52445220947266
2023-10-25,169.11802673339844,121.38999938964844,124.5803451538086,132.99923706054688,334.22259521484375,41.74980926513672,404.7260437011719,503.84039306640625,99.7081069946289
2023-10-26,164.95677185058594,119.56999969482422,121.27763366699219,133.34027099609375,321.6844177246094,40.297821044921875,399.8795471191406,502.08233642578125,98.799072265625
2023-10-27,166.27134704589844,127.73999786376953,121.16854858398438,128.5375213623047,323.56805419921875,40.471702575683594,398.0670166015625,498.56634521484375,96.916748046875
2023-10-30,168.3173828125,132.7100067138672,123.43976593017578,130.1763458251953,330.9261169433594,41.132240295410156,402.8262634277344,503.6312255859375,97.21975708007812
2023-10-31,168.79183959960938,133.08999633789062,123.0628890991211,131.7298583984375,331.7109680175781,40.751502990722656,405.3560791015625,508.9243469238281,97.19220733642578
2023-11-01,171.9547576904297,137.0,125.41345977783203,131.61619567871094,339.52032470703125,42.29543685913086,409.6790771484375,505.16119384765625,96.99937438964844
2023-11-02,175.51304626464844,138.07000732421875,126.44493865966797,133.96548461914062,341.727783203125,43.47559356689453,417.53033447265625,509.46588134765625,100.18556213378906
2023-11-03,174.6037139892578,138.60000610351562,128.04173278808594,135.4622039794922,346.1229553222656,44.97355270385742,421.3396301269531,504.4960632324219,98.96434783935547
2023-11-06,177.15382385253906,139.74000549316406,129.18231201171875,136.48526000976562,349.7823486328125,45.719032287597656,422.3088684082031,506.9286804199219,97.21057891845703
2023-11-07,179.7138671875,142.7100067138672,129.8964080810547,136.4189453125,353.7066345214844,45.92289352416992,423.5107727050781,511.0814208984375,95.68635559082031
2023-11-08,180.7714080810547,142.0800018310547,130.75929260253906,137.09152221679688,356.3261413574219,46.54145431518555,423.8210144042969,510.0361633300781,94.51103973388672
2023-11-09,180.29698181152344,140.60000610351562,129.1724090576172,136.68417358398438,353.8636169433594,46.91719436645508,420.5157470703125,512.1931762695312,94.53858947753906
2023-11-10,184.48350524902344,143.55999755859375,131.5031280517578,138.7113800048828,362.6736755371094,48.30121994018555,427.0777282714844,514.2932739257812,95.26396179199219
2023-11-13,182.89996337890625,142.58999633789062,131.0072021484375,138.09567260742188,359.7402648925781,48.58601760864258,426.67071533203125,515.5856323242188,96.26480865478516
2023-11-14,185.51280212402344,145.8000030517578,132.52467346191406,140.6154327392578,363.26226806640625,49.62129592895508,434.9483947753906,513.5806274414062,96.63546752929688
2023-11-15,186.07691955566406,143.1999969482422,133.5164794921875,141.84693908691406,363.4097900390625,48.85383605957031,435.8692321777344,511.6324462890625,96.05171203613281
2023-11-16,187.75946044921875,142.8300018310547,135.8075408935547,143.46676635742188,369.79974365234375,49.445430755615234,436.40234375,512.9723510742188,94.93978118896484
2023-11-17,187.7396697998047,145.17999267578125,134.2008514404297,144.7645721435547,363.58673095703125,49.26355743408203,436.94512939453125,509.617919921875,97.25629425048828
2023-11-20,189.4815673828125,146.1300048828125,135.13311767578125,145.20977783203125,371.0482177734375,50.373775482177734,440.3086242675781,508.4870910644531,96.83004760742188
2023-11-21,188.67990112304688,143.89999389648438,135.84719848632812,144.90664672851562,366.752197265625,49.90910339355469,439.3489990234375,512.75390625,96.79298400878906
2023-11-22,189.343017578125,146.7100067138672,137.35476684570312,145.24769592285156,371.45123291015625,48.68195343017578,441.045166015625,516.7164916992188,96.37602233886719
2023-11-24,188.0167694091797,146.74000549316406,135.56948852539062,145.44664001464844,371.03839111328125,47.74261474609375,441.3166198730469,519.8903198242188,96.89491271972656
2023-11-27,187.83863830566406,147.72999572753906,135.2918243408203,145.11505126953125,372.1983947753906,48.20828628540039,440.5218200683594,516.554931640625,96.32968139648438
2023-11-28,188.44236755371094,147.02999877929688,136.07533264160156,145.44664001464844,376.21917724609375,47.7875862121582,440.95794677734375,513.6470336914062,96.27409362792969
2023-11-29,187.4229736328125,146.32000732421875,133.88345336914062,146.18548583984375,372.434326171875,48.10636520385742,440.6478271484375,508.3731689453125,94.82858276367188
2023-11-30,187.9969940185547,146.08999633789062,131.443603515625,147.85275268554688,372.49334716796875,46.73732376098633,442.3828125,525.4683837890625,95.19922637939453
2023-12-01,189.27374267578125,147.02999877929688,130.7790985107422,148.5726776123047,368.1678466796875,46.732322692871094,444.9999694824219,521.7210693359375,95.43087768554688
2023-12-04,187.48233032226562,144.83999633789062,128.21034240722656,149.66204833984375,362.8887634277344,45.47819519042969,442.6639099121094,522.7890014648438,94.91197204589844
2023-12-05,191.43128967285156,146.8800048828125,129.91624450683594,149.64309692382812,366.2115173339844,46.53754806518555,442.5766906738281,524.6769409179688,93.06805419921875
2023-12-06,190.34263610839844,144.52000427246094,128.95420837402344,148.0706024169922,362.5544738769531,45.47520065307617,440.793212890625,523.9808959960938,91.83564758300781
2023-12-07,192.2725830078125,146.8800048828125,135.8075408935547,148.52528381347656,364.6681213378906,46.567535400390625,444.1566467285156,522.779541015625,91.19629669189453
2023-12-08,193.69776916503906,147.4199981689453,133.88345336914062,150.1641082763672,367.892578125,47.47697448730469,446.0661315917969,524.2097778320312,92.24337005615234
2023-12-11,191.19378662109375,145.88999938964844,132.19737243652344,150.71353149414062,365.0121765136719,46.598514556884766,447.8011474609375,518.40283203125,92.30824279785156
2023-12-12,192.7080535888672,147.47999572753906,131.4337158203125,152.0586700439453,368.03997802734375,47.62788772583008,449.8463439941406,520.3479614257812,90.85346984863281
2023-12-13,195.92466735839844,148.83999633789062,131.4832763671875,152.57020568847656,368.03021240234375,48.05862808227539,456.0498046875,523.4850463867188,91.65961456298828
2023-12-14,196.07310485839844,147.4199981689453,130.85842895507812,155.3457794189453,359.73309326171875,48.32046127319336,457.513427734375,509.4017639160156,94.1243667602539
2023-12-15,195.53863525390625,149.97000122070312,131.5130615234375,156.52040100097656,364.451904296875,48.86013412475586,456.76019287109375,506.4268493652344,93.49427795410156
2023-12-18,193.87591552734375,154.07000732421875,134.6868133544922,157.4676971435547,366.33929443359375,50.04641342163086,459.3294372558594,502.0692138671875,94.1892318725586
2023-12-19,194.91513061523438,153.7899932861328,135.52984619140625,159.57066345214844,366.9389953613281,49.573692321777344,462.12255859375,499.6759338378906,95.43087768554688
2023-12-20,192.8268280029297,152.1199951171875,137.2059783935547,157.7708282470703,364.34368896484375,48.081607818603516,455.7187805175781,491.9430236816406,93.83712005615234
2023-12-21,192.67831420898438,153.83999633789062,139.26893615722656,158.67076110839844,367.2142333984375,48.96006774902344,460.03985595703125,495.7094421386719,94.26335144042969
2023-12-22,191.60946655273438,153.4199981689453,140.33018493652344,158.57601928710938,368.2366638183594,48.8001708984375,460.9644470214844,496.1194152832031,94.4301528930664
2023-12-26,191.06512451171875,153.41000366210938,140.35992431640625,159.5138397216797,368.3152770996094,49.24889373779297,462.9108581542969,495.8525085449219,94.64327239990234
2023-12-27,191.16407775878906,153.33999633789062,139.21934509277344,160.4705810546875,367.73529052734375,49.386810302734375,463.7478332519531,498.4841003417969,94.19850158691406
2023-12-28,191.5896759033203,153.3800048828125,139.08047485351562,161.3231658935547,368.9248046875,49.49175262451172,463.9230041503906,500.4960632324219,92.83639526367188
2023-12-29,190.5504608154297,151.94000244140625,138.544921875,161.13369750976562,369.6719970703125,49.49175262451172,462.5799865722656,501.9930725097656,92.64180755615234
2024-01-02,183.7313232421875,149.92999267578125,137.03736877441406,163.00933837890625,364.5893859863281,48.13856887817383,459.9912109375,514.2647705078125,94.84711456298828
2024-01-03,182.3555908203125,148.47000122070312,137.78126525878906,162.2988739013672,364.3240051269531,47.539939880371094,456.234619140625,516.8296508789062,95.64400482177734
2024-01-04,180.03964233398438,144.57000732421875,135.27198791503906,163.37594604492188,361.7091064453125,47.96867752075195,454.7650146484375,520.06201171875,94.81005096435547
2024-01-05,179.31715393066406,145.24000549316406,134.61737060546875,164.1956024169922,361.5222473144531,49.0670051574707,455.38787841796875,512.3956909179688,95.09730529785156
2024-01-08,183.65211486816406,149.10000610351562,137.70188903808594,163.9573211669922,368.3447265625,52.2210807800293,461.8890075683594,511.57574462890625,93.5128173828125
2024-01-09,183.23643493652344,151.3699951171875,139.79458618164062,162.66107177734375,369.4261474609375,53.10753631591797,461.18829345703125,513.3397827148438,92.35454559326172
2024-01-10,184.2756805419922,153.72999572753906,141.11367797851562,163.0041961669922,376.2879333496094,54.31679916381836,463.7964782714844,512.6437377929688,91.44648742675781
2024-01-11,183.68182373046875,155.17999267578125,140.91534423828125,162.3179473876953,378.1164245605469,54.78850555419922,463.5921325683594,514.5888671875,91.42794799804688
2024-01-12,184.0084228515625,154.6199951171875,141.4806671142578,161.12652587890625,381.8914489746094,54.67657470703125,463.91326904296875,497.26361083984375,92.6139907836914
2024-01-16,181.74197387695312,153.16000366210938,141.32196044921875,160.1162109375,383.6609191894531,56.347557067871094,462.21014404296875,495.0134582519531,90.51988220214844
2024-01-17,180.80172729492188,151.7100067138672,140.31033325195312,159.25839233398438,382.8744812011719,56.018760681152344,459.6408996582031,500.5341491699219,89.86199951171875
2024-01-18,186.6905517578125,153.5,142.30384826660156,159.5729217529297,387.1999816894531,57.072113037109375,463.72833251953125,492.3340148925781,89.69520568847656
2024-01-19,189.59042358398438,155.33999633789062,145.1800994873047,162.32749938964844,391.91864013671875,59.45465850830078,469.50927734375,480.1482238769531,89.83419799804688
2024-01-22,191.89649963378906,154.77999877929688,144.7932891845703,162.13682556152344,389.7952575683594,59.617557525634766,470.501953125,489.1397399902344,89.71373748779297
2024-01-23,193.17323303222656,156.02000427246094,145.83465576171875,161.0693359375,392.144775390625,59.83642578125,471.8741455078125,491.5521240234375,90.72373962402344
2024-01-24,192.5001983642578,156.8699951171875,147.48104858398438,162.50856018066406,395.7428283691406,61.32451629638672,472.3900146484375,489.3685302734375,92.28968811035156
2024-01-25,192.17359924316406,157.75,150.6250762939453,164.83421325683594,398.0137023925781,61.57935333251953,474.95928955078125,470.4605407714844,94.63400268554688
2024-01-26,190.44161987304688,159.1199951171875,150.9424591064453,164.2051239013672,397.089599609375,60.99371337890625,474.3559265136719,479.8049621582031,95.44014739990234
2024-01-29,189.7587127685547,161.25999450683594,152.2516326904297,164.63401794433594,402.78155517578125,62.426841735839844,478.112548828125,481.0826416015625,95.56060028076172
2024-01-30,186.10662841796875,159.0,150.21844482421875,168.00814819335938,401.6706848144531,62.73564147949219,477.7427062988281,480.1958312988281,97.15436553955078
2024-01-31,182.50405883789062,155.1999969482422,138.9515838623047,166.18763732910156,390.84716796875,61.489410400390625,469.947265625,487.9478454589844,95.26408386230469
2024-02-01,184.9387664794922,159.27999877929688,140.00286865234375,165.58714294433594,396.942138671875,62.98849868774414,476.0979919433594,483.56170654296875,94.87490844726562
2024-02-02,183.9391326904297,171.80999755859375,141.212890625,166.540283203125,404.2561340332031,66.11959838867188,481.11004638671875,486.50811767578125,94.48574829101562
2024-02-05,185.7503204345703,170.30999755859375,142.50222778320312,166.32107543945312,398.7804870605469,69.2896499633789,479.3582458496094,479.5760498046875,94.09656524658203
2024-02-06,187.3536834716797,169.14999389648438,142.9187774658203,166.89295959472656,398.6231994628906,68.18132781982422,480.74993896484375,486.9276428222656,94.74519348144531
2024-02-07,187.4625701904297,170.52999877929688,144.34695434570312,167.20748901367188,407.0382385253906,70.05616760253906,484.7596435546875,495.2422180175781,94.71739959716797
2024-02-08,186.38377380371094,169.83999633789062,144.71392822265625,166.60704040527344,407.0971984863281,69.59844970703125,484.9737243652344,495.9096984863281,96.33895111083984
2024-02-09,187.1468048095703,174.4499969482422,147.7786102294922,166.8071746826172,413.4280700683594,72.08894348144531,487.77655029296875,494.1266174316406,94.30040740966797
2024-02-12,185.46214294433594,172.33999633789062,146.3206787109375,167.5506134033203,408.2276611328125,72.20386505126953,487.5624694824219,493.5736389160156,95.59766387939453
2024-02-13,183.3711700439453,168.63999938964844,143.95025634765625,166.09231567382812,399.4391174316406,72.08393859863281,480.8472595214844,492.8202819824219,94.77467346191406
2024-02-14,182.48919677734375,170.97999572753906,144.7436981201172,167.7793731689453,403.2998352050781,73.85485076904297,485.2170104980469,492.9061279296875,94.30706024169922
2024-02-15,182.20179748535156,169.8000030517578,141.59967041015625,171.4393768310547,400.41412353515625,72.61360931396484,488.5649108886719,496.6629638671875,97.00983428955078
2024-02-16,180.66580200195312,169.50999450683594,139.36810302734375,170.6387481689453,397.95196533203125,72.5686264038086,486.13189697265625,497.3017272949219,97.00983428955078
2024-02-20,179.9225616455078,167.0800018310547,139.9632110595703,171.30592346191406,396.701171875,69.4095687866211,483.4554748535156,496.83453369140625,96.09332275390625
2024-02-21,180.6757049560547,168.58999633789062,141.38148498535156,172.4210968017578,396.1003723144531,67.43077850341797,483.8934631347656,497.70220947265625,98.05728149414062
2024-02-22,182.70721435546875,174.5800018310547,142.90884399414062,174.48939514160156,405.4272155761719,78.49002075195312,493.9078369140625,502.0216979980469,97.97311401367188
2024-02-23,180.87388610839844,174.99000549316406,142.77992248535156,175.3662872314453,404.136962890625,78.76884460449219,494.24847412109375,502.72723388671875,97.11270904541016
2024-02-26,179.5261688232422,174.72999572753906,136.44229125976562,174.76583862304688,401.37933349609375,79.04369354248047,492.4383239746094,500.89654541015625,97.49614715576172
2024-02-27,180.98287963867188,173.5399932861328,137.74156188964844,174.85159301757812,401.3203125,78.65291595458984,493.3531188964844,489.5497131347656,97.2904052734375
2024-02-28,179.7838134765625,173.16000366210938,135.2620849609375,175.73800659179688,401.5566711425781,77.61556243896484,492.7010192871094,475.1136779785156,97.56163024902344
2024-02-29,179.119873046875,176.75999450683594,137.3249969482422,177.3392333984375,407.38714599609375,79.06366729736328,494.47235107421875,470.6512145996094,97.74866485595703
2024-03-01,178.03968811035156,178.22000122070312,136.015869140625,176.60533142089844,409.21905517578125,82.22872924804688,499.1145324707031,466.7704772949219,98.98314666748047
2024-03-04,173.52084350585938,177.5800018310547,132.25689697265625,177.93019104003906,408.6478271484375,85.1849136352539,498.57928466796875,459.4666442871094,97.59902954101562
2024-03-05,168.58570861816406,174.1199951171875,131.58245849609375,179.71255493164062,396.5632629394531,85.91551971435547,493.5964660644531,451.1520080566406,98.79609680175781
2024-03-06,167.59474182128906,173.50999450683594,130.3228759765625,180.6466064453125,396.01171875,88.64997100830078,496.0975341796875,450.6275939941406,99.85289001464844
2024-03-07,167.475830078125,176.82000732421875,133.2784423828125,179.0644073486328,402.9551696777344,92.61672973632812,501.02203369140625,456.5202941894531,100.41402435302734
2024-03-08,169.19021606445312,175.35000610351562,134.30001831054688,179.3980255126953,400.0793151855469,87.47863006591797,498.01483154296875,456.2044372558594,101.35858917236328
2024-03-11,171.1920166015625,171.9600067138672,136.54148864746094,179.4647216796875,398.4049377441406,85.72562408447266,497.5865783691406,468.2467956542969,101.9571304321289
2024-03-12,171.66766357421875,175.38999938964844,137.36468505859375,180.94210815429688,409.0023498535156,91.86116027832031,502.9393310546875,468.438232421875,101.30248260498047
2024-03-13,169.5866241455078,176.55999755859375,138.6440887451172,182.40989685058594,408.8250732421875,90.83673095703125,502.1510009765625,467.1459045410156,102.43408966064453
2024-03-14,171.43975830078125,178.75,141.92697143554688,179.1597442626953,418.7920837402344,87.89439392089844,501.1583251953125,468.1031799316406,104.2484130859375
2024-03-15,171.06317138671875,174.4199981689453,140.02268981933594,181.38052368164062,410.1251525878906,87.78746032714844,497.7170104980469,469.8454284667969,104.06135559082031
2024-03-18,172.15325927734375,174.47999572753906,146.46942138671875,183.62991333007812,411.01153564453125,88.40511322021484,500.675048828125,466.2364807128906,105.0246353149414
2024-03-19,174.4919891357422,175.89999389648438,145.8247833251953,184.70693969726562,415.0396423339844,89.34757995605469,503.4573974609375,472.23858642578125,105.7634506225586
2024-03-20,177.05860900878906,178.14999389648438,147.520751953125,187.1278839111328,418.8019714355469,90.32102966308594,508.11407470703125,473.1097106933594,105.66992950439453
2024-03-21,169.82444763183594,178.14999389648438,146.3900604248047,189.72991943359375,422.8793640136719,91.38341522216797,509.7931213378906,470.67822265625,106.13753509521484
2024-03-22,170.72625732421875,178.8699951171875,149.53411865234375,187.40428161621094,422.25885009765625,94.2358169555664,508.8267822265625,469.1274719238281,106.13753509521484
2024-03-25,169.30914306640625,179.7100067138672,148.83985900878906,185.68869018554688,416.4677734375,94.94840240478516,507.42083740234375,465.11651611328125,107.2223892211914
2024-03-26,168.179443359375,178.3000030517578,149.43492126464844,186.5559844970703,415.27606201171875,92.50879669189453,506.4837341308594,471.271728515625,106.41809844970703
2024-03-27,171.74696350097656,179.8300018310547,149.63328552246094,190.1683807373047,415.05938720703125,90.1990966796875,510.74017333984375,472.0279846191406,107.52165222167969
2024-03-28,169.93344116210938,180.3800048828125,149.6927947998047,190.91183471679688,414.360107421875,90.3050308227539,510.6424865722656,473.55963134765625,108.7093734741211
2024-04-01,168.49655151367188,180.97000122070312,154.21542358398438,189.6155548095703,418.15191650390625,90.31202697753906,509.7540588378906,468.77325439453125,109.4107894897461
2024-04-02,167.3172607421875,180.69000244140625,153.29302978515625,189.53932189941406,415.0692443847656,89.40155792236328,506.5130310058594,438.56195068359375,111.55242919921875
2024-04-03,168.1199493408203,182.41000366210938,153.6500701904297,189.00555419921875,414.0942077636719,88.913818359375,507.0694580078125,440.0935363769531,111.57113647460938
2024-04-04,167.29745483398438,180.0,149.2960662841797,187.56753540039062,411.5630798339844,85.85653686523438,500.8800964355469,435.9198913574219,111.96392822265625
2024-04-05,168.05059814453125,185.07000732421875,151.2499237060547,189.29315185546875,419.0875549316406,87.95836639404297,506.11273193359375,436.2645263671875,113.50703430175781
2024-04-08,166.9307861328125,185.19000244140625,153.58065795898438,190.28060913085938,418.1716003417969,87.0838623046875,506.3959045410156,436.513427734375,112.74016571044922
2024-04-09,168.13980102539062,185.6699981689453,155.3163299560547,189.00558471679688,419.8360595703125,85.30584716796875,506.9816589355469,440.07440185546875,113.32933807373047
2024-04-10,166.266845703125,185.9499969482422,154.8600616455078,187.39495849609375,416.86175537109375,86.98991394042969,501.9051513671875,430.8177185058594,114.28326416015625
2024-04-11,173.46133422851562,189.0500030517578,158.10328674316406,187.3566131591797,421.46112060546875,90.56488037109375,505.6929931640625,422.84368896484375,113.89982604980469
2024-04-12,174.95773315429688,186.1300048828125,156.43704223632812,175.23878479003906,415.5222473144531,88.13626098632812,498.7128601074219,420.43133544921875,112.57181549072266
2024-04-15,171.132568359375,183.6199951171875,153.59059143066406,175.3346710205078,407.38714599609375,85.95249938964844,492.4649353027344,426.5865478515625,111.926513671875
2024-04-16,167.85240173339844,183.32000732421875,153.1343536376953,173.3309783935547,408.31292724609375,87.36569213867188,491.5667724609375,448.8525390625,111.00065612792969
2024-04-17,166.48486328125,181.27999877929688,154.19557189941406,172.64073181152344,405.61431884765625,83.98759460449219,488.65753173828125,458.5209655761719,110.94454956054688
2024-04-18,165.5334930419922,179.22000122070312,154.7311553955078,173.7624053955078,398.15875244140625,84.62322998046875,487.65203857421875,472.10455322265625,110.8416748046875
2024-04-19,163.51190185546875,174.6300048828125,152.826904296875,178.1244354248047,393.0865783691406,76.15702819824219,483.3956298828125,479.7148132324219,112.11355590820312
2024-04-22,164.34434509277344,177.22999572753906,154.99893188476562,181.58529663085938,394.8988037109375,79.47314453125,487.8472595214844,470.2378845214844,112.74951171875
2024-04-23,165.39476013183594,179.5399932861328,156.9626922607422,184.2025146484375,401.4089050292969,82.37651062011719,493.6363830566406,465.4036560058594,113.18904876708984
2024-04-24,167.49563598632812,176.58999633789062,157.82557678222656,185.10369873046875,402.8763427734375,79.63206481933594,493.4020690917969,466.4757995605469,113.207763671875
2024-04-25,168.35780334472656,173.6699981689453,154.72125244140625,185.3817138671875,393.00787353515625,82.58538818359375,491.5277099609375,472.7555236816406,113.46961975097656
2024-04-26,167.77313232421875,179.6199951171875,170.5404815673828,185.49676513671875,400.1777648925781,87.6855239868164,496.18438720703125,474.18182373046875,110.31794738769531
2024-04-29,171.9352264404297,180.9600067138672,164.7880096435547,185.29541015625,396.1693420410156,87.70751190185547,497.94158935546875,468.1319274902344,111.88910675048828
2024-04-30,168.7938232421875,175.0,161.44566345214844,183.81906127929688,383.4446105957031,86.35327911376953,490.0536193847656,463.02972412109375,110.60785675048828
2024-05-01,167.77313232421875,179.0,162.51678466796875,183.93408203125,388.96978759765625,82.99414825439453,488.4623107910156,463.422119140625,108.51299285888672
2024-05-02,171.46949768066406,184.72000122070312,165.25418090820312,183.74234008789062,391.82598876953125,85.76859283447266,493.0310974121094,471.9035339355469,108.7093734741211
2024-05-03,181.72613525390625,186.2100067138672,165.8690948486328,182.6398468017578,400.5126037597656,88.7389144897461,499.1423645019531,471.4057922363281,108.48492431640625
2024-05-06,180.0712127685547,188.6999969482422,166.7220458984375,184.06829833984375,407.28863525390625,92.08802032470703,504.29693603515625,473.2533264160156,109.18634033203125
2024-05-07,180.75497436523438,188.75999450683594,169.84622192382812,183.82864379882812,403.15216064453125,90.5029296875,504.8533935546875,479.5520935058594,108.64391326904297
2024-05-08,181.09188842773438,188.0,167.9915313720703,187.56753540039062,404.3339538574219,90.36101531982422,504.9021911621094,481.7059631347656,108.6252212524414
2024-05-09,182.90542602539062,189.5,168.5668182373047,189.3411102294922,406.08709716796875,88.69695281982422,507.81134033203125,485.36273193359375,110.76685333251953
2024-05-10,181.64515686035156,187.47999572753906,167.2675018310547,190.5586395263672,408.470458984375,89.82731628417969,508.46551513671875,490.8956604003906,110.31794738769531
2024-05-13,184.850341796875,186.57000732421875,167.75350952148438,190.52027893066406,407.4659423828125,90.3480224609375,508.5337829589844,489.87139892578125,110.27118682861328
2024-05-14,185.9915313720703,187.07000732421875,168.94366455078125,193.18544006347656,410.26300048828125,91.30447387695312,510.866943359375,491.9199523925781,110.94059753417969
2024-05-15,188.26397705078125,185.99000549316406,171.0959014892578,193.76065063476562,417.4360046386719,94.5766372680664,517.1930541992188,495.4331359863281,111.79855346679688
2024-05-16,188.38302612304688,183.6300048828125,172.75221252441406,194.1057891845703,415.3739318847656,94.3057861328125,516.1289672851562,498.9941711425781,111.129150390625
2024-05-17,188.41281127929688,184.6999969482422,174.6167755126953,196.32992553710938,414.6042785644531,92.42684173583984,516.8709106445312,502.2106018066406,112.79792785644531
2024-05-20,189.57382202148438,183.5399932861328,175.46974182128906,187.50042724609375,419.6658935546875,94.72654724121094,517.4664306640625,495.1268005371094,111.88340759277344
2024-05-21,190.873779296875,183.14999389648438,176.3921356201172,191.27764892578125,423.3165283203125,95.33219909667969,518.735595703125,501.1767883300781,111.11029052734375
2024-05-22,189.43490600585938,183.1300048828125,174.93417358398438,190.1176300048828,424.77679443359375,94.89645385742188,517.2418823242188,499.07073974609375,108.8758316040039
2024-05-23,185.44577026367188,181.0500030517578,172.1273651123047,188.78506469726562,421.3037414550781,103.74046325683594,513.4638671875,494.7439270019531,107.01849365234375
2024-05-24,188.52195739746094,180.75,173.55557250976562,192.4185028076172,424.4216003417969,106.4089584350586,516.8612060546875,486.4540100097656,106.93364715576172
2024-05-28,188.53189086914062,182.14999389648438,174.95401000976562,191.2584686279297,424.5794677734375,113.83675384521484,517.2223510742188,482.15582275390625,108.29129028320312
2024-05-29,188.82960510253906,182.02000427246094,174.45809936523438,189.92588806152344,423.44476318359375,114.76023864746094,513.6004028320312,464.0060729980469,107.13162994384766
2024-05-30,189.82191467285156,179.32000732421875,170.6991729736328,191.0955047607422,409.1382141113281,110.43766784667969,510.1933898925781,461.0672912597656,107.47103881835938
2024-05-31,190.77455139160156,176.44000244140625,171.08596801757812,194.25918579101562,409.5920715332031,109.57115936279297,514.8402099609375,474.2009582519531,110.55403137207031
2024-06-03,192.5408935546875,178.33999633789062,171.75048828125,193.48265075683594,408.0035400390625,114.93512725830078,515.2601318359375,476.1825256347656,107.90473175048828
2024-06-04,192.85842895507812,179.33999633789062,172.3654022216797,190.93251037597656,410.51953125,116.37132263183594,515.8360595703125,483.88848876953125,106.22653198242188
2024-06-05,194.36679077148438,181.27999877929688,173.9721221923828,189.1110076904297,418.3536376953125,122.37095642089844,521.9668579101562,481.61981201171875,106.65079498291016
2024-06-06,192.9874267578125,185.0,175.28128051757812,188.77548217773438,418.8567810058594,120.92976379394531,521.9571533203125,480.4710693359375,107.45217895507812
2024-06-07,195.37890625,184.3000030517578,173.02993774414062,191.68991088867188,418.19573974609375,120.81982421875,521.3225708007812,469.7209777832031,106.30196380615234
2024-06-10,191.6378631591797,187.05999755859375,173.77459716796875,191.36392211914062,422.1621398925781,121.72130584716797,522.9332885742188,473.8467712402344,106.61308288574219
2024-06-11,205.5601806640625,187.22999572753906,175.3732452392578,186.33082580566406,426.9079284667969,120.85173797607422,524.1927490234375,475.0146484375,105.755126953125
2024-06-12,211.43478393554688,186.88999938964844,176.5349884033203,183.61773681640625,435.1761779785156,125.13965606689453,528.4979858398438,471.999267578125,104.58604431152344
2024-06-13,212.59579467773438,183.8300018310547,173.92356872558594,185.6597442626953,435.689208984375,129.5475311279297,529.5620727539062,476.0484313964844,103.74694061279297
2024-06-14,210.85922241210938,183.66000366210938,175.54205322265625,185.7747802734375,436.666015625,131.8164520263672,529.8842163085938,475.87615966796875,102.8701171875
2024-06-17,215.00714111328125,184.05999755859375,175.98887634277344,186.9252166748047,442.38861083984375,130.9168701171875,534.1015014648438,470.3101501464844,102.16300964355469
2024-06-18,212.64540100097656,182.80999755859375,173.8540496826172,188.86175537109375,440.3857116699219,135.51466369628906,535.45849609375,462.4464416503906,103.12467956542969
2024-06-20,208.07073974609375,186.10000610351562,175.0554962158203,190.4627685546875,439.75433349609375,130.71697998046875,534.0040283203125,465.7822570800781,105.34971618652344
2024-06-21,205.8975830078125,189.0800018310547,178.36199951171875,188.190673828125,443.77978515625,126.5090103149414,533.2880859375,463.9269104003906,104.4257583618164
2024-06-24,206.5426025390625,185.57000732421875,177.95489501953125,190.66409301757812,441.697998046875,118.05308532714844,531.5545043945312,471.0311279296875,107.5276107788086
2024-06-25,207.4654541015625,186.33999633789062,182.73092651367188,189.8875732421875,444.9341735839844,126.02922058105469,533.6015014648438,465.76300048828125,107.82931518554688
2024-06-26,211.61337280273438,193.61000061035156,182.58201599121094,189.27398681640625,446.1280822753906,126.3390884399414,534.2673950195312,465.32086181640625,107.86701202392578
2024-06-27,212.45684814453125,197.85000610351562,184.10121154785156,190.9420928955078,446.8088684082031,123.93024444580078,535.1097412109375,467.6280517578125,108.32899475097656
2024-06-28,209.00355529785156,193.25,180.86422729492188,193.9044647216797,440.98760986328125,123.48046112060547,533.0040283203125,489.5655212402344,108.53642272949219
2024-07-01,215.08651733398438,197.1999969482422,181.6982879638672,196.96266174316406,450.6371154785156,124.24009704589844,534.1008911132812,475.5205078125,108.38555908203125
2024-07-02,218.57949829101562,200.0,183.93238830566406,200.20306396484375,453.153076171875,122.61088562011719,537.6952514648438,478.9716796875,107.65018463134766
2024-07-03,219.84970092773438,197.58999633789062,184.50830078125,200.06886291503906,454.6231994628906,128.21817016601562,540.0947875976562,470.9446105957031,108.19700622558594
2024-07-05,224.6029052734375,200.0,189.2545623779297,197.41781616210938,461.3226318359375,125.76936340332031,543.209228515625,469.1372985839844,106.8864974975586
2024-07-08,226.07156372070312,199.2899932861328,187.6956329345703,197.7841339111328,460.0202941894531,128.13819885253906,543.8360595703125,470.4158630371094,105.76455688476562
2024-07-09,226.92495727539062,199.33999633789062,187.64598083496094,200.1555938720703,453.4096374511719,131.3166961669922,544.3649291992188,473.0787048339844,104.59547424316406
2024-07-10,231.19195556640625,199.7899932861328,189.8304443359375,200.3194580078125,460.0301208496094,134.84500122070312,549.7516479492188,481.5576171875,105.51942443847656
2024-07-11,225.823486328125,195.0500030517578,184.2600860595703,199.98208618164062,448.6341857910156,127.33860778808594,545.0112915039062,484.8550109863281,106.77335357666016
2024-07-12,228.7706756591797,194.49000549316406,183.76361083984375,197.56240844726562,447.4995422363281,129.177734375,548.4489135742188,491.7476806640625,106.79222869873047
2024-07-15,232.60105895996094,192.72000122070312,185.2133026123047,202.4884796142578,447.904052734375,128.37808227539062,549.9573364257812,495.439208984375,108.62127685546875
2024-07-16,233.01785278320312,193.02000427246094,182.62171936035156,205.9299774169922,443.5233154296875,126.29910278320312,553.2185668945312,527.6437377929688,109.40380096435547
2024-07-17,227.1234130859375,187.92999267578125,179.7421875,209.06297302246094,437.6033630371094,117.93313598632812,545.4618530273438,551.1097412109375,110.91230010986328
2024-07-18,222.45950317382812,183.75,176.43568420410156,202.42100524902344,434.4953918457031,121.03164672851562,541.2700805664062,542.5154418945312,112.00597381591797
2024-07-19,222.58848571777344,183.1300048828125,176.4059295654297,202.2281951904297,431.2788391113281,117.8731689453125,537.6755981445312,543.4671630859375,109.43209075927734
2024-07-22,222.24119567871094,182.5500030517578,180.3876190185547,202.71018981933594,437.03106689453125,123.48046112060547,543.2191162109375,536.9301147460938,108.6778335571289
2024-07-23,223.2831268310547,186.41000366210938,180.5067596435547,202.75839233398438,438.9156188964844,122.53091430664062,542.366943359375,533.2482299804688,106.9242172241211
2024-07-24,216.86279296875,180.8300018310547,171.4114227294922,201.08103942871094,423.17840576171875,114.1949462890625,530.0755615234375,538.1028442382812,108.43270874023438
2024-07-25,215.8208465576172,179.85000610351562,166.09918212890625,201.15814208984375,412.8184509277344,112.22589111328125,527.313720703125,538.0355224609375,110.71431732177734
2024-07-26,216.28724670410156,182.5,165.82115173339844,204.59963989257812,419.59674072265625,113.00550842285156,533.219482421875,547.687255859375,110.62002563476562
2024-07-29,216.5651092529297,183.1999969482422,168.33328247070312,203.25967407226562,421.0373840332031,111.53620147705078,533.5328979492188,544.8322143554688,109.46037292480469
2024-07-30,217.1207733154297,181.7100067138672,169.08790588378906,207.44345092773438,417.2781982421875,103.68000030517578,530.8297119140625,554.041748046875,111.4119873046875
2024-07-31,220.3756103515625,186.97999572753906,170.3291015625,205.13949584960938,412.7691345214844,116.9636001586914,539.458251953125,553.8782958984375,111.80797576904297
2024-08-01,216.68417358398438,184.07000732421875,169.55462646484375,200.47369384765625,411.545654296875,109.15736389160156,531.8190307617188,550.6195068359375,110.26174926757812
2024-08-02,218.17263793945312,167.89999389648438,165.48355102539062,191.97122192382812,403.0406494140625,107.21829986572266,521.9173583984375,567.0196533203125,110.19577026367188
2024-08-05,207.66392517089844,161.02000427246094,158.1258544921875,187.88385009765625,389.87860107421875,100.40158081054688,506.7171630859375,547.918212890625,108.20643615722656
2024-08-06,205.6395721435547,161.92999267578125,157.17263793945312,193.12802124023438,394.27911376953125,104.19977569580078,511.3888854980469,546.3703002929688,107.6313247680664
2024-08-07,208.209716796875,162.77000427246094,157.8180694580078,193.1858673095703,393.1148376464844,98.86234283447266,507.9707946777344,544.1881103515625,109.06440734863281
2024-08-08,211.67291259765625,165.8000030517578,160.88624572753906,196.714111328125,397.3179931640625,104.9194107055664,519.7136840820312,544.3419189453125,111.14800262451172
2024-08-09,214.58045959472656,166.94000244140625,162.51467895507812,198.39146423339844,400.60357666015625,104.69952392578125,522.0054321289062,537.1511840820312,112.05310821533203
2024-08-12,216.1103973388672,166.8000030517578,161.1444091796875,198.76742553710938,401.383056640625,108.96746063232422,522.2797241210938,543.4285888671875,112.19452667236328
2024-08-13,219.82598876953125,170.22999572753906,163.001220703125,200.45443725585938,408.4870300292969,116.08402252197266,530.868896484375,552.0325317382812,111.11972045898438
2024-08-14,220.27304077148438,170.10000610351562,159.2379608154297,202.6716766357422,411.2989807128906,118.0230941772461,532.543701171875,557.2525024414062,112.14738464355469
2024-08-15,223.25347900390625,177.58999633789062,160.16139221191406,203.93446350097656,416.162109375,122.80079650878906,541.6715698242188,557.19482421875,112.84117889404297
2024-08-16,224.57479858398438,177.05999755859375,161.8096923828125,206.26736450195312,413.6317138671875,124.51995849609375,542.8860473632812,555.339599609375,112.30894470214844
2024-08-19,224.41583251953125,178.22000122070312,165.4934844970703,207.694091796875,416.65631103515625,129.93736267089844,548.0767822265625,556.39697265625,112.65109252929688
2024-08-20,225.03175354003906,178.8800048828125,165.9998779296875,206.79757690429688,419.8885192871094,127.18867492675781,547.1856689453125,558.1947021484375,108.89701843261719
2024-08-21,224.9224853515625,180.11000061035156,164.6792755126953,206.87469482421875,419.2361755371094,128.4380645751953,549.0660400390625,555.7144775390625,108.20321655273438
2024-08-22,223.06471252441406,176.1300048828125,162.6437530517578,208.8316192626953,410.7454528808594,123.68036651611328,544.7567138671875,556.3392333984375,109.03956604003906
2024-08-23,225.35963439941406,177.0399932861328,164.45089721679688,210.45114135742188,411.9711608886719,129.30763244628906,550.544921875,561.9053955078125,110.55070495605469
2024-08-26,225.69740295410156,175.5,164.98707580566406,211.28016662597656,408.70928955078125,126.39905548095703,549.2324829101562,564.424072265625,112.91719818115234
2024-08-27,226.54183959960938,173.1199951171875,163.5175323486328,212.25379943847656,409.05523681640625,128.23817443847656,549.9866333007812,564.6355590820312,111.84326171875
2024-08-28,225.01193237304688,170.8000030517578,161.700439453125,213.32383728027344,405.85272216796875,125.54946899414062,546.7938842773438,565.7794799804688,110.74078369140625
2024-08-29,228.29039001464844,172.1199951171875,160.63800048828125,214.2107391357422,408.34356689453125,117.5333251953125,546.8427124023438,568.6923217773438,112.27092742919922
2024-08-30,227.5055389404297,178.5,162.22669982910156,216.70750427246094,412.31707763671875,119.31246948242188,552.0629272460938,567.3753662109375,112.09037017822266
2024-09-03,221.31619262695312,176.25,156.2491912841797,212.3695068359375,404.70611572265625,107.94795227050781,540.7020263671875,575.5274047851562,109.74286651611328
2024-09-04,219.40872192382812,173.3300018310547,155.34561157226562,211.43438720703125,404.1723327636719,106.1588134765625,539.5952758789062,580.814697265625,108.40280151367188
2024-09-05,220.92874145507812,177.88999938964844,156.1300506591797,209.79562377929688,403.6682434082031,107.15833282470703,538.2828369140625,572.4608154296875,107.55694580078125
2024-09-06,219.37890625,171.38999938964844,149.8546600341797,204.81173706054688,397.0556335449219,102.78044891357422,529.2235717773438,573.7969970703125,107.05323791503906
2024-09-09,219.46835327148438,175.39999389648438,147.856201171875,209.00511169433594,401.0290832519531,106.41869354248047,535.1488647460938,571.1244506835938,109.30567932128906
2024-09-10,218.67355346679688,179.5500030517578,147.80650329589844,198.16009521484375,409.4111022949219,108.04790496826172,537.4797973632812,575.8638916015625,105.32350158691406
2024-09-11,221.20692443847656,184.52000427246094,150.29214477539062,199.76998901367188,418.14886474609375,116.8536605834961,542.9937744140625,566.9426879882812,104.27806854248047
2024-09-12,221.31619262695312,187.0,153.8018798828125,199.1626739501953,422.0631103515625,119.0927734375,547.5675048828125,565.6641235351562,105.71317291259766
2024-09-13,221.0479736328125,186.49000549316406,156.55596923828125,196.9647674560547,425.6115417480469,119.05278778076172,550.4273681640625,571.3359375,105.63713836669922
2024-09-16,214.90829467773438,184.88999938964844,157.1525115966797,200.37733459472656,426.3529052734375,116.73371124267578,551.2402954101562,568.364501953125,107.1197509765625
2024-09-17,215.37521362304688,186.8800048828125,158.4052734375,201.71728515625,430.1188659667969,115.54417419433594,551.4655151367188,557.578857421875,108.51683807373047
2024-09-18,219.249755859375,186.42999267578125,158.8925018310547,200.05918884277344,425.8290100097656,113.32505798339844,549.8299560546875,560.1740112304688,108.89701843261719
2024-09-19,227.37637329101562,189.8699951171875,161.20909118652344,202.90298461914062,433.6179504394531,117.82327270507812,559.2125244140625,556.7202758789062,110.24658203125
2024-09-20,226.7107391357422,191.60000610351562,162.65077209472656,203.4910430908203,430.2374267578125,115.95401763916016,558.245849609375,554.7232055664062,109.55278778076172
2024-09-23,224.99205017089844,193.8800048828125,160.92076110839844,203.82843017578125,428.4978332519531,116.21391296386719,559.6408081054688,553.1892700195312,111.53912353515625
2024-09-24,225.8861846923828,193.9600067138672,161.3582305908203,203.9730224609375,424.2080078125,120.82209014892578,561.2421264648438,554.906494140625,111.2445068359375
2024-09-25,224.89268493652344,192.52999877929688,160.56283569335938,202.62342834472656,427.1139831542969,123.4610366821289,560.0042724609375,555.9869995117188,109.07759094238281
2024-09-26,226.0352020263672,191.16000366210938,161.7957000732422,202.2281951904297,426.32330322265625,123.9908218383789,562.2244262695312,554.5398559570312,107.2052993774414
2024-09-27,226.30343627929688,187.97000122070312,163.00869750976562,202.92227172851562,423.0713195800781,121.35187530517578,561.4091186523438,561.3316040039062,110.07550811767578
2024-09-30,231.4794464111328,186.3300018310547,164.89781188964844,203.26931762695312,425.3249206542969,121.39186096191406,563.6588745117188,564.0618896484375,111.40606689453125
2024-10-01,224.73377990722656,185.1300048828125,166.03125,199.58682250976562,415.8260192871094,116.95362091064453,558.6093139648438,562.7305297851562,113.98165893554688
2024-10-02,225.30001831054688,184.75999450683594,164.90773010253906,199.82781982421875,412.3072509765625,118.80288696289062,558.8450317382812,571.4227905273438,115.49279022216797
2024-10-03,224.19725036621094,181.9600067138672,164.90773010253906,197.84197998046875,411.72406005859375,122.80130004882812,557.8233032226562,571.8472900390625,116.5002212524414
2024-10-04,225.3199005126953,186.50999450683594,166.100830078125,204.86415100097656,411.24957275390625,124.8704833984375,562.892578125,570.3519897460938,118.63862609863281
2024-10-07,220.2432403564453,180.8000030517578,162.04425048828125,204.5828399658203,404.8049621582031,127.66937255859375,557.8036499023438,562.9813842773438,119.15184020996094
2024-10-08,224.29661560058594,182.72000122070312,163.4362335205078,204.4082489013672,409.91522216796875,132.83731079101562,563.0791625976562,561.0712890625,115.98699951171875
2024-10-09,228.0419921875,185.1699981689453,160.9307098388672,206.9979248046875,412.63336181640625,132.597412109375,566.9793701171875,570.3711547851562,116.03453063964844
2024-10-10,227.54527282714844,186.64999389648438,161.14944458007812,206.43536376953125,411.0320739746094,134.75656127929688,565.9871215820312,576.622802734375,117.0324478149414
2024-10-11,226.06500244140625,188.82000732421875,162.3027801513672,215.6010284423828,411.506591796875,134.74656677246094,569.3763427734375,576.9603271484375,117.47914123535156
2024-10-14,229.79052734375,187.5399932861328,164.01290893554688,214.81539916992188,414.2939758300781,138.01527404785156,574.0328369140625,584.0512084960938,117.92582702636719
2024-10-15,232.32388305664062,187.69000244140625,164.51002502441406,215.69798278808594,413.8985595703125,131.54783630371094,569.5728759765625,536.6729125976562,114.38082122802734
2024-10-16,230.2673797607422,186.88999938964844,164.21177673339844,216.91036987304688,411.30889892578125,135.66619873046875,572.0484008789062,551.1923217773438,114.67545318603516
2024-10-17,230.63497924804688,187.52999877929688,161.9945526123047,217.6669158935547,411.9019470214844,136.87571716308594,572.0975341796875,546.069580078125,114.38082122802734
2024-10-18,233.4663543701172,188.99000549316406,162.4817352294922,218.58831787109375,413.3252868652344,137.94529724121094,574.298095703125,549.5232543945312,114.05770874023438
2024-10-21,234.93670654296875,189.07000732421875,163.12802124023438,216.28965759277344,413.9381408691406,143.6530303955078,573.3550415039062,551.317626953125,114.12422180175781
2024-10-22,234.32078552246094,189.6999969482422,164.19186401367188,217.3759307861328,422.5672302246094,143.5330810546875,573.0504760742188,549.7644653320312,114.71346282958984
2024-10-23,229.25405883789062,184.7100067138672,161.8454132080078,216.6873321533203,419.6908264160156,139.50466918945312,567.8142700195312,544.7285766601562,114.30479431152344
2024-10-24,229.0653076171875,186.3800048828125,161.7857666015625,218.21006774902344,419.8193054199219,140.35433959960938,569.0423583984375,541.0335693359375,113.65850830078125
2024-10-25,229.89981079101562,187.8300018310547,164.32113647460938,215.6204071044922,423.1998291015625,141.48388671875,568.8458862304688,544.6513671875,113.56348419189453
2024-10-28,231.8768310546875,188.38999938964844,165.76280212402344,218.7144317626953,421.6578063964844,140.4643096923828,570.6043701171875,545.307373046875,113.00273895263672
2024-10-29,232.14508056640625,190.8300018310547,168.70578002929688,216.19265747070312,426.9559020996094,141.19400024414062,571.5278930664062,542.30712890625,111.46308135986328
2024-10-30,228.59835815429688,192.72999572753906,173.45838928222656,217.6572265625,427.5291748046875,139.28475952148438,569.7987060546875,543.1078491210938,110.9023666381836
2024-10-31,224.4357147216797,186.39999389648438,170.12759399414062,215.2421417236328,401.65185546875,132.70736694335938,558.62890625,544.593505859375,110.9878921508789
2024-11-01,221.4552764892578,197.92999267578125,170.3065643310547,216.23146057128906,405.6253662109375,135.34632873535156,560.9866943359375,547.545654296875,109.24864959716797
2024-11-04,220.56114196777344,195.77999877929688,168.26834106445312,213.16653442382812,403.7374267578125,135.99606323242188,559.7783203125,538.100830078125,112.72712707519531
2024-11-05,221.99172973632812,199.5,168.7654571533203,214.8251190185547,406.7027587890625,139.8545379638672,566.547119140625,547.0342407226562,113.05977630615234
2024-11-06,221.2665252685547,207.08999633789062,175.49658203125,239.6256561279297,415.3219299316406,145.5522918701172,580.6346435546875,575.6483764648438,114.99858093261719
2024-11-07,225.99545288085938,210.0500030517578,179.7122344970703,229.2670440673828,420.51123046875,148.82098388671875,585.1242065429688,584.0994262695312,115.14114379882812
2024-11-08,225.72694396972656,208.17999267578125,177.32603454589844,229.84896850585938,417.6546325683594,147.57147216796875,587.65869140625,594.0941772460938,115.1031265258789
2024-11-11,223.01174926757812,206.83999633789062,179.31454467773438,232.08944702148438,413.1770324707031,145.20240783691406,588.2186889648438,603.201171875,114.49488067626953
2024-11-12,223.01174926757812,208.91000366210938,180.57723999023438,232.35134887695312,418.13897705078125,148.23118591308594,586.3914794921875,592.9942016601562,114.38082122802734
2024-11-13,223.89691162109375,214.10000610351562,177.85296630859375,233.9031982421875,420.283935546875,146.2120361328125,586.6763305664062,584.5045166015625,115.44527435302734
2024-11-14,226.98008728027344,211.47999572753906,174.57191467285156,234.59182739257812,421.9543762207031,146.70181274414062,582.9039306640625,572.2332763671875,115.52193450927734
2024-11-15,223.777587890625,202.61000061035156,171.49969482421875,237.9282989501953,410.2018127441406,141.92369079589844,575.437744140625,571.3456420898438,114.32417297363281
2024-11-18,226.7811737060547,201.6999969482422,174.29354858398438,237.65675354003906,410.95306396484375,140.09442138671875,577.7954711914062,568.8565673828125,115.28237915039062
2024-11-19,227.03973388671875,204.61000061035156,177.09730529785156,235.77511596679688,412.9595947265625,146.95172119140625,579.9075927734375,556.6526489257812,113.6725845336914
2024-11-20,227.755859375,202.8800048828125,174.96963500976562,233.5346221923828,410.6861572265625,145.83216857910156,580.1041259765625,579.3240356445312,115.29196166992188
2024-11-21,227.2784423828125,198.3800048828125,166.66758728027344,237.39488220214844,408.913330078125,146.6118621826172,583.21826171875,576.420166015625,116.83468627929688
2024-11-22,228.62110900878906,197.1199951171875,163.8140411376953,241.07083129882812,413.00372314453125,141.89373779296875,585.02587890625,570.0335693359375,116.7005386352539
2024-11-25,231.6048126220703,201.4499969482422,166.6874542236328,242.75843811035156,414.7765808105469,135.96607971191406,587.0103759765625,584.466064453125,114.95658874511719
2024-11-26,233.78292846679688,207.86000061035156,168.1490020751953,242.4480743408203,423.8883972167969,136.86572265625,590.0753784179688,585.3921508789062,113.04016876220703
2024-11-27,233.6536102294922,205.74000549316406,168.25840759277344,242.2734832763672,418.93634033203125,135.2863311767578,588.2874145507812,586.9260864257812,112.74312591552734
2024-11-29,236.04058837890625,207.88999938964844,167.98001098632812,242.2056121826172,419.4018249511719,138.19520568847656,591.9419555664062,588.681884765625,113.03057861328125
2024-12-02,238.28831481933594,210.7100067138672,170.5054168701172,238.8400115966797,426.8497619628906,138.57504272460938,593.0028686523438,587.0612182617188,112.92517852783203
2024-12-03,241.3316650390625,213.44000244140625,170.35629272460938,237.45306396484375,427.0676574707031,140.20440673828125,593.278076171875,583.8871459960938,112.75270080566406
2024-12-04,241.68971252441406,218.16000366210938,173.3688507080078,236.07577514648438,433.2280578613281,145.08245849609375,596.9619750976562,589.2511596679688,109.50436401367188
2024-12-05,241.7195587158203,220.5500030517578,171.6488037109375,238.0931854248047,438.378173828125,145.0124969482422,595.9795532226562,558.55322265625,109.98346710205078
2024-12-06,241.52064514160156,227.02999877929688,173.70693969726562,239.9166259765625,439.3191223144531,142.3933563232422,597.109375,530.2381591796875,108.82404327392578
2024-12-09,245.40939331054688,226.08999633789062,174.56295776367188,236.4734649658203,441.74560546875,138.7645263671875,594.0345458984375,542.9246826171875,108.18203735351562
2024-12-10,246.4238739013672,225.0399932861328,184.31787109375,235.55203247070312,439.0813903808594,135.0257568359375,592.1876220703125,547.3504638671875,107.96163940429688
2024-12-11,245.1508026123047,230.25999450683594,194.50079345703125,236.20187377929688,444.68719482421875,139.2643585205078,596.7655029296875,516.6898803710938,107.24298858642578
2024-12-12,246.61282348632812,228.97000122070312,191.07662963867188,234.26205444335938,445.2516784667969,137.29501342773438,593.690673828125,499.480712890625,107.14715576171875
2024-12-13,246.7819061279297,227.4600067138672,188.9464874267578,232.71990966796875,442.9836120605469,134.20602416992188,593.5726928710938,504.05169677734375,106.20811462402344
2024-12-16,249.67608642578125,232.92999267578125,195.7550048828125,232.3707275390625,447.2622375488281,131.95677185058594,596.1072387695312,482.76544189453125,103.93716430664062
2024-12-17,252.10284423828125,231.14999389648438,194.52069091796875,231.18743896484375,450.1047668457031,130.3472900390625,593.6513671875,470.1951599121094,103.49638366699219
2024-12-18,246.70236206054688,220.52000427246094,187.5330047607422,223.4378662109375,433.1983337402344,128.86778259277344,575.9584350585938,483.94696044921875,101.97282409667969
2024-12-19,248.43287658691406,223.2899932861328,187.64248657226562,225.94993591308594,432.8417663574219,130.63717651367188,575.7815551757812,473.8074645996094,101.10086822509766
2024-12-20,253.10736083984375,224.9199981689453,190.52915954589844,230.4503173828125,432.4158935546875,134.65586853027344,582.697265625,484.34405517578125,101.44581604003906
2024-12-23,253.8831024169922,225.05999755859375,193.73434448242188,231.21653747558594,431.0788879394531,139.62425231933594,586.1867065429688,490.3580322265625,101.85784912109375
2024-12-24,256.7972106933594,229.0500030517578,195.20751953125,235.01858520507812,435.11968994140625,140.17408752441406,592.7021484375,490.1256103515625,101.95366668701172
2024-12-26,257.61273193359375,227.0500030517578,194.69989013671875,235.8236083984375,433.9114074707031,139.88417053222656,592.7415771484375,495.0162353515625,102.03990936279297
2024-12-27,254.20135498046875,223.75,191.87290954589844,233.91290283203125,426.4040832519531,136.96510314941406,586.5020751953125,493.892822265625,102.03031921386719
2024-12-30,250.82977294921875,221.3000030517578,190.3599395751953,232.11856079101562,420.7586975097656,137.44496154785156,579.8092041015625,491.7719421386719,101.34042358398438
