entry_timestamp_ns,exit_timestamp_ns,entry_event_index,exit_event_index,sleeve_id,sleeve,side,entry_reason,exit_reason,execution_type,portfolio_weight,forecast_edge_bps,signal_expected_edge_bps,ml_win_probability,score,conviction,entry_fill_price,exit_fill_price,entry_mid_price,exit_mid_price,entry_spread_bps,exit_spread_bps,gross_pnl_bps,transaction_cost_bps,execution_haircut_bps,adverse_selection_bps,net_pnl_bps,weighted_net_pnl_bps,sleeve_inventory_after_trade,entry_feature_spread_bps_1s,entry_feature_spread_bps_100ms,entry_feature_side_imbalance_100ms,entry_feature_side_imbalance_1s,entry_feature_side_microprice_edge_100ms_bps,entry_feature_side_microprice_edge_1s_bps,entry_feature_quote_rate_1s_scaled,entry_feature_avg_bid_size_1s_scaled,entry_feature_avg_ask_size_1s_scaled,entry_feature_regime_quality,entry_feature_conviction,entry_feature_abs_score,entry_feature_signal_expected_edge_bps
1776259800290000000,1776259800300000000,30,31,0,Market Making,long,signal_entry,take_profit,passive,0.60771196,1.52182357,1.52182357,0.50000000,0.64341300,1.00000000,499.95198900,500.06223800,500.00698900,500.00723800,2.19998470,2.19998417,2.20519175,0.06000000,1.93998733,0.00000000,0.20520441,0.12470518,0.00000000,2.19998470,2.19997419,0.62879105,0.63409777,0.69166205,0.69750270,0.30000000,0.02683333,0.00600000,0.00000000,1.00000000,0.64341300,1.52182357
1776259800820000000,1776259800830000000,83,84,0,Market Making,long,signal_entry,take_profit,passive,0.48070749,1.52921776,1.52921776,0.50000000,0.65807198,1.00000000,499.96233100,500.07248100,500.01733100,500.01748100,2.19995855,2.19995812,2.20316598,0.06000000,1.93996650,0.00000000,0.20319948,0.09767951,0.00000000,2.19995855,2.19992441,0.64744928,0.63620427,0.71216973,0.69981151,0.83000000,0.02696386,0.00598795,0.00000000,1.00000000,0.65807198,1.52921776
1776259801300000000,1776259801310000000,131,132,0,Market Making,long,signal_entry,take_profit,passive,0.41569172,1.52902750,1.52902750,0.50000000,0.65773996,1.00000000,499.97190000,500.08214900,500.02690000,500.02714900,2.19992078,2.19992034,2.20510393,0.06000000,1.93993627,0.00000000,0.20516765,0.08528649,0.00000000,2.19992078,2.19988165,0.64705882,0.63608498,0.71172642,0.69966828,0.91000000,0.02700000,0.00600000,0.00000000,1.00000000,0.65773996,1.52902750
1776259801710000000,1776259801720000000,172,173,0,Market Making,long,signal_entry,take_profit,passive,0.67702358,1.52306467,1.52306467,0.50000000,0.64607771,1.00000000,499.98092000,500.09108800,500.03592000,500.03608800,2.19988520,2.19988472,2.20344408,0.06000000,1.93990778,0.00000000,0.20353630,0.13779888,0.00000000,2.19988520,2.19984234,0.63162879,0.63610738,0.69474186,0.69968161,0.92000000,0.02700000,0.00600000,0.00000000,1.00000000,0.64607771,1.52306467
1776259802120000000,1776259802130000000,213,214,0,Market Making,long,signal_entry,take_profit,passive,0.43466777,1.51645127,1.51645127,0.50000000,0.63311916,1.00000000,499.98760200,500.09780000,500.04260200,500.04280000,2.19984881,2.19984841,2.20401465,0.06000000,1.93987873,0.00000000,0.20413592,0.08873130,0.00000000,2.19984881,2.19981342,0.61461107,0.63576393,0.67601485,0.69929228,0.93000000,0.02696774,0.00600000,0.00000000,1.00000000,0.63311916,1.51645127
1776259802650000000,1776259802660000000,266,267,0,Market Making,long,signal_entry,take_profit,passive,0.74371910,1.52684921,1.52684921,0.50000000,0.65364047,1.00000000,499.99989600,500.11009900,500.05489600,500.05509900,2.19980440,2.19980392,2.20406046,0.06000000,1.93984313,0.00000000,0.20421732,0.15188032,0.00000000,2.19980440,2.19976079,0.64147200,0.63657418,0.70554246,0.70016933,0.96000000,0.02705208,0.00600000,0.00000000,1.00000000,0.65364047,1.52684921
1776259803250000000,1776259803260000000,326,327,0,Market Making,long,signal_entry,take_profit,passive,0.53105748,1.52369284,1.52369284,0.50000000,0.64746595,1.00000000,500.01023700,500.12045300,500.06523700,500.06545300,2.19975088,2.19975048,2.20427487,0.06000000,1.93980038,0.00000000,0.20447449,0.10858770,0.00000000,2.19975088,2.19971530,0.63361330,0.63571114,0.69688444,0.69920307,0.96000000,0.02696875,0.00600000,0.00000000,1.00000000,0.64746595,1.52369284
1776259803660000000,1776259803670000000,367,368,0,Market Making,long,signal_entry,take_profit,passive,0.44670661,1.52731233,1.52731233,0.50000000,0.65466228,1.00000000,500.02002200,500.13024100,500.07502200,500.07524100,2.19971595,2.19971547,2.20429173,0.06000000,1.93977238,0.00000000,0.20451936,0.09136015,0.00000000,2.19971595,2.19967294,0.64283929,0.63655690,0.70701811,0.70012219,0.97000000,0.02700000,0.00598969,0.00000000,1.00000000,0.65466228,1.52731233
1776259804080000000,1776259804090000000,409,410,0,Market Making,long,signal_entry,take_profit,passive,0.70690631,1.52307134,1.52307134,0.50000000,0.64635005,1.00000000,500.02726700,500.13742300,500.08226700,500.08242300,2.19967931,2.19967889,2.20299986,0.06000000,1.93974312,0.00000000,0.20325675,0.14368348,0.00000000,2.19967931,2.19964077,0.63205953,0.63595206,0.69515196,0.69944530,0.99000000,0.02698990,0.00600000,0.00000000,1.00000000,0.64635005,1.52307134
1776259804520000000,1776259804530000000,453,454,0,Market Making,long,signal_entry,take_profit,passive,0.63971748,1.52532451,1.52532451,0.50000000,0.65083900,1.00000000,500.03637700,500.14662700,500.09137700,500.09162700,2.19963835,2.19963791,2.20483959,0.06000000,1.93971032,0.00000000,0.20512926,0.13122478,0.00000000,2.19963835,2.19959911,0.63792766,0.63615930,0.70159258,0.69966022,0.93000000,0.02701075,0.00600000,0.00000000,1.00000000,0.65083900,1.52532451
1776259804950000000,1776259804960000000,496,497,0,Market Making,long,signal_entry,take_profit,passive,0.66429513,1.38298609,1.38298609,0.50000000,0.36883440,1.00000000,500.04284300,500.15286900,500.09784300,500.09786900,2.19960295,2.19960260,2.20033146,0.06000000,1.93968208,0.00000000,0.20064938,0.13329041,0.00000000,2.19960295,2.19956983,0.28422195,0.58010767,0.31258301,0.63800417,0.96000000,0.02544792,0.00659375,0.00000000,1.00000000,0.36883440,1.38298609
1776259805400000000,1776259805410000000,541,542,0,Market Making,long,signal_entry,take_profit,passive,0.69441875,1.38396362,1.38396362,0.50000000,0.36296156,1.00000000,500.04286200,500.15283500,500.09786200,500.09783500,2.19957400,2.19957395,2.19927147,0.06000000,1.93965916,0.00000000,0.19961231,0.13861453,0.00000000,2.19957400,2.19956949,0.33333333,0.41725933,0.36659492,0.45889697,0.91000000,0.02093407,0.00832967,0.00000000,1.00000000,0.36296156,1.38396362
1776259805860000000,1776259805870000000,587,588,0,Market Making,long,signal_entry,take_profit,passive,0.78942665,1.36252536,1.36252536,0.50000000,0.31511670,1.00000000,500.04333200,500.15333300,500.09833200,500.09833300,2.19956879,2.19956878,2.19982935,0.06000000,1.93965502,0.00000000,0.20017433,0.15802295,0.00000000,2.19956879,2.19956753,0.30874818,0.30840450,0.33955624,0.33917846,0.97000000,0.01796907,0.00950515,0.00000000,1.00000000,0.31511670,1.36252536
1776259806280000000,1776259806290000000,629,630,0,Market Making,long,signal_entry,take_profit,passive,0.52572944,1.36389948,1.36389948,0.50000000,0.31782920,1.00000000,500.04272800,500.15274600,500.09772800,500.09774600,2.19956911,2.19956912,2.20017198,0.06000000,1.93965529,0.00000000,0.20051669,0.10541753,0.00000000,2.19956911,2.19957025,0.31222489,0.30872751,0.34338029,0.33953375,0.99000000,0.01797980,0.00950505,0.00000000,1.00000000,0.31782920,1.36389948
1776259806780000000,1776259806790000000,679,680,0,Market Making,long,signal_entry,take_profit,passive,0.39922626,1.35967768,1.35967768,0.50000000,0.30958446,1.00000000,500.04286800,500.15284100,500.09786800,500.09784100,2.19956863,2.19956863,2.19927144,0.06000000,1.93965491,0.00000000,0.19961654,0.07969216,0.00000000,2.19956863,2.19956895,0.30100110,0.30962638,0.33103634,0.34052223,0.99000000,0.01797980,0.00948485,0.00000000,1.00000000,0.30958446,1.35967768
1776259809650000000,1776259809660000000,966,967,0,Market Making,long,signal_entry,take_profit,passive,0.56820531,1.46161987,1.46161987,0.50000000,0.49670350,1.00000000,500.00460100,500.11481500,500.05960100,500.05981500,2.19968797,2.19968847,2.20425972,0.06000000,1.93975078,0.00000000,0.20450894,0.11620306,0.00000000,2.19968797,2.19974006,0.64260602,0.04016288,0.70678311,0.04417394,0.96000000,0.01439583,0.01305208,0.00000000,1.00000000,0.49670350,1.46161987
1776259810070000000,1776259810080000000,1008,1009,0,Market Making,long,signal_entry,take_profit,passive,0.57827385,1.48815299,1.48815299,0.50000000,0.56277850,1.00000000,500.01460000,500.12482000,500.06960000,500.06982000,2.19973082,2.19973044,2.20433563,0.06000000,1.93978435,0.00000000,0.20455128,0.11828666,0.00000000,2.19973082,2.19969730,0.63383624,0.31192780,0.69712392,0.34307668,0.98000000,0.02016327,0.00984694,0.00000000,1.00000000,0.56277850,1.48815299
1776259810850000000,1776259810860000000,1086,1087,0,Market Making,long,signal_entry,take_profit,passive,0.43077791,1.52582009,1.52582009,0.50000000,0.65177977,1.00000000,500.02898200,500.13922500,500.08398200,500.08422500,2.19967029,2.19966987,2.20473220,0.06000000,1.93973590,0.00000000,0.20499631,0.08830788,0.00000000,2.19967029,2.19963318,0.63911985,0.63628907,0.70291463,0.69981311,0.96000000,0.02703125,0.00600000,0.00000000,1.00000000,0.65177977,1.52582009
1776259811470000000,1776259811480000000,1148,1149,0,Market Making,long,signal_entry,take_profit,passive,0.71333589,1.52822159,1.52822159,0.50000000,0.65657550,1.00000000,500.04186400,500.15201400,500.09686400,500.09701400,2.19961663,2.19961619,2.20281556,0.06000000,1.93969296,0.00000000,0.20312261,0.14489465,0.00000000,2.19961663,2.19957621,0.64538972,0.63652242,0.70979193,0.70005264,0.98000000,0.02700000,0.00598980,0.00000000,1.00000000,0.65657550,1.52822159
1776259814530000000,1776259814540000000,1454,1455,0,Market Making,long,signal_entry,take_profit,passive,0.34743742,1.46302411,1.46302411,0.50000000,0.50262703,1.00000000,500.05482300,500.16499000,500.10982300,500.10999000,2.19952818,2.19952805,2.20309844,0.06000000,1.93962244,0.00000000,0.20347600,0.07069518,0.00000000,2.19952818,2.19951802,0.63080491,0.09526558,0.69373337,0.10476937,0.94000000,0.01551064,0.01237234,0.00000000,1.00000000,0.50262703,1.46302411
1776259815100000000,1776259815110000000,1511,1512,0,Market Making,long,signal_entry,take_profit,passive,0.77818900,1.51732319,1.51732319,0.50000000,0.62909649,1.00000000,500.06502400,500.17526300,500.12002400,500.12026300,2.19950702,2.19950663,2.20449331,0.06000000,1.93960530,0.00000000,0.20488801,0.15944159,0.00000000,2.19950702,2.19947202,0.65714286,0.49697674,0.72268366,0.54655043,0.91000000,0.02405495,0.00763736,0.00000000,1.00000000,0.62909649,1.51732319
1776259815880000000,1776259815890000000,1589,1590,0,Market Making,long,signal_entry,take_profit,passive,0.51805388,1.52661939,1.52661939,0.50000000,0.65364422,1.00000000,500.08057200,500.19073700,500.13557200,500.13573700,2.19944391,2.19944350,2.20294501,0.06000000,1.93955480,0.00000000,0.20339021,0.10536709,0.00000000,2.19944391,2.19940644,0.64158098,0.63637191,0.70554866,0.69983214,0.99000000,0.02703030,0.00600000,0.00000000,1.00000000,0.65364422,1.52661939
1776259816480000000,1776259816490000000,1649,1650,0,Market Making,long,signal_entry,take_profit,passive,0.47254127,1.52388761,1.52388761,0.50000000,0.64833157,1.00000000,500.09393700,500.20415600,500.14893700,500.14915600,2.19939167,2.19939120,2.20396593,0.06000000,1.93951296,0.00000000,0.20445298,0.09661247,0.00000000,2.19939167,2.19934887,0.63466625,0.63606685,0.69792625,0.69948007,0.99000000,0.02700000,0.00600000,0.00000000,1.00000000,0.64833157,1.52388761
1776259816920000000,1776259816930000000,1693,1694,0,Market Making,long,signal_entry,take_profit,passive,0.47890915,1.52879784,1.52879784,0.50000000,0.65804548,1.00000000,500.10148100,500.21164000,500.15648100,500.15664000,2.19934958,2.19934917,2.20273293,0.06000000,1.93947934,0.00000000,0.20325359,0.09734000,0.00000000,2.19934958,2.19931239,0.64741533,0.63635696,0.71193427,0.69978570,0.93000000,0.02703226,0.00600000,0.00000000,1.00000000,0.65804548,1.52879784
1776259817400000000,1776259817410000000,1741,1742,0,Market Making,long,signal_entry,take_profit,passive,0.38505515,1.54785936,1.54785936,0.50000000,0.69554937,1.00000000,500.11179500,500.22204300,500.16679500,500.16704300,2.19930739,2.19930694,2.20446710,0.06000000,1.93944555,0.00000000,0.20502155,0.07894461,0.00000000,2.19930739,2.19926635,0.69696970,0.63653169,0.76641100,0.69996444,0.91000000,0.02700000,0.00598901,0.00000000,1.00000000,0.69554937,1.54785936
1776259817860000000,1776259817870000000,1787,1788,0,Market Making,long,signal_entry,take_profit,passive,0.45784625,1.52460392,1.52460392,0.50000000,0.64990202,1.00000000,500.12089100,500.23104200,500.17589100,500.17604200,2.19926908,2.19926864,2.20248748,0.06000000,1.93941491,0.00000000,0.20307257,0.09297601,0.00000000,2.19926908,2.19922836,0.63672073,0.63616070,0.70014714,0.69954428,0.97000000,0.02701031,0.00600000,0.00000000,1.00000000,0.64990202,1.52460392
1776259818280000000,1776259818290000000,1829,1830,0,Market Making,long,signal_entry,take_profit,passive,0.70929493,1.52209596,1.52209596,0.50000000,0.64491838,1.00000000,500.08853500,500.19877000,500.14353500,500.14377000,2.19928445,2.19928528,2.20430968,0.06000000,1.93942822,0.00000000,0.20488146,0.14532138,0.00000000,2.19928445,2.19937262,0.63023321,0.63583341,0.69305882,0.69918929,0.99000000,0.02697980,0.00600000,0.00000000,1.00000000,0.64491838,1.52209596
1776259818890000000,1776259818900000000,1890,1891,0,Market Making,long,signal_entry,take_profit,passive,0.59756070,1.52500176,1.52500176,0.50000000,0.65058725,1.00000000,500.10167500,500.21182800,500.15667500,500.15682800,2.19933821,2.19935082,2.20261210,0.06000000,1.93948066,0.00000000,0.20313144,0.12138337,0.00000000,2.19933821,2.19931398,0.63765723,0.63604829,0.70120422,0.69944268,1.00000000,0.02705000,0.00601000,0.00000000,1.00000000,0.65058725,1.52500176
1776259819440000000,1776259819450000000,1945,1946,0,Market Making,long,signal_entry,take_profit,passive,0.42767743,1.39498621,1.39498621,0.50000000,0.39138326,1.00000000,500.10635100,500.21637500,500.16135100,500.16137500,2.19930870,2.19930851,2.20001205,0.06000000,1.93944681,0.00000000,0.20056524,0.08577723,0.00000000,2.19930870,2.19929045,0.32439560,0.55030306,0.35672008,0.60514393,0.95000000,0.02463158,0.00691579,0.00000000,1.00000000,0.39138326,1.39498621
1776259819870000000,1776259819880000000,1988,1989,0,Market Making,long,signal_entry,take_profit,passive,0.80655647,1.37007360,1.37007360,0.50000000,0.33554381,1.00000000,500.10655800,500.21652800,500.16155800,500.16152800,2.19929267,2.19929263,2.19893137,0.06000000,1.93943411,0.00000000,0.19949727,0.16090581,0.00000000,2.19929267,2.19928893,0.30032707,0.40807704,0.33025300,0.44874080,0.98000000,0.02067347,0.00842857,0.00000000,1.00000000,0.33554381,1.37007360
1776259820450000000,1776259820460000000,2046,2047,0,Market Making,long,signal_entry,take_profit,passive,0.71914948,1.36558290,1.36558290,0.50000000,0.32147806,1.00000000,500.10684300,500.21682500,500.16184300,500.16182500,2.19928906,2.19928905,2.19917007,0.06000000,1.93943124,0.00000000,0.19973883,0.14364208,0.00000000,2.19928906,2.19928798,0.31699634,0.30891643,0.34858312,0.33969827,0.96000000,0.01797917,0.00950000,0.00000000,1.00000000,0.32147806,1.36558290
1776259821170000000,1776259821180000000,2118,2119,0,Market Making,long,signal_entry,take_profit,passive,0.77077586,1.35905446,1.35905446,0.50000000,0.30869055,1.00000000,500.10678600,500.21676200,500.16178600,500.16176200,2.19928903,2.19928902,2.19905034,0.06000000,1.93943122,0.00000000,0.19961913,0.15386160,0.00000000,2.19928903,2.19928810,0.29983313,0.30961905,0.32970972,0.34047089,0.98000000,0.01796939,0.00947959,0.00000000,1.00000000,0.30869055,1.35905446
1776259824090000000,1776259824100000000,2410,2411,0,Market Making,long,signal_entry,take_profit,passive,0.35234223,1.46210287,1.46210287,0.50000000,0.49941175,1.00000000,500.10847100,500.21865200,500.16347100,500.16365200,2.19928981,2.19928970,2.20314205,0.06000000,1.93943176,0.00000000,0.20371029,0.07177574,0.00000000,2.19928981,2.19928475,0.63781715,0.06378171,0.70137077,0.07013708,1.00000000,0.01485000,0.01276000,0.00000000,1.00000000,0.49941175,1.46210287
1776259824830000000,1776259824840000000,2484,2485,0,Market Making,long,signal_entry,take_profit,passive,0.72893113,1.51469382,1.51469382,0.50000000,0.62744000,1.00000000,500.12248000,500.23273000,500.17748000,500.17773000,2.19926004,2.19925960,2.20446000,0.06000000,1.93940768,0.00000000,0.20505231,0.14946901,0.00000000,2.19926004,2.19922101,0.63035688,0.56836783,0.69314704,0.62499333,0.94000000,0.02558511,0.00681915,0.00000000,1.00000000,0.62744000,1.51469382
1776259825410000000,1776259825420000000,2542,2543,0,Market Making,long,signal_entry,take_profit,passive,0.64162248,1.52515795,1.52515795,0.50000000,0.65104628,1.00000000,500.13384600,500.24399900,500.18884600,500.18899900,2.19920800,2.19920757,2.20247042,0.06000000,1.93936606,0.00000000,0.20310436,0.13031632,0.00000000,2.19920800,2.19916972,0.63839702,0.63571491,0.70197169,0.69903464,0.92000000,0.02696739,0.00600000,0.00000000,1.00000000,0.65104628,1.52515795
1776259825870000000,1776259825880000000,2588,2589,0,Market Making,long,signal_entry,take_profit,passive,0.61981773,1.52748204,1.52748204,0.50000000,0.65570149,1.00000000,500.14314000,500.25339000,500.19814000,500.19839000,2.19917062,2.19917018,2.20436893,0.06000000,1.93933615,0.00000000,0.20503279,0.12708296,0.00000000,2.19917062,2.19913234,0.64426578,0.63654633,0.70841286,0.69993700,0.98000000,0.02700000,0.00598980,0.00000000,1.00000000,0.65570149,1.52748204
1776259826360000000,1776259826370000000,2637,2638,0,Market Making,long,signal_entry,take_profit,passive,0.58448339,1.52137164,1.52137164,0.50000000,0.64369590,1.00000000,500.15342400,500.26357800,500.20842400,500.20857800,2.19912709,2.19912663,2.20240420,0.06000000,1.93930131,0.00000000,0.20310289,0.11871027,0.00000000,2.19912709,2.19908539,0.62881140,0.63534299,0.69140499,0.69859999,0.97000000,0.02697938,0.00601031,0.00000000,1.00000000,0.64369590,1.52137164
1776259828800000000,1776259828810000000,2881,2882,0,Market Making,long,signal_entry,take_profit,passive,0.38227064,0.64828765,1.47502054,0.50000000,0.52175203,1.00000000,500.11397200,500.22416400,500.16897200,500.16916400,2.19925764,2.19925762,2.20333776,0.06000000,1.93940610,0.00000000,0.20393167,0.07795709,0.00000000,2.19925764,2.19925677,0.68750000,0.00755495,0.75599452,0.00830763,0.91000000,0.01367033,0.01342857,0.00000000,1.00000000,0.52175203,1.47502054
1776259829360000000,1776259829370000000,2937,2938,0,Market Making,long,signal_entry,take_profit,passive,0.59341373,0.65446660,1.49263519,0.50000000,0.57519393,1.00000000,500.12685400,500.23705500,500.18185400,500.18205500,2.19924097,2.19924055,2.20346096,0.06000000,1.93939244,0.00000000,0.20406853,0.12109707,0.00000000,2.19924097,2.19920289,0.62869115,0.37371510,0.69130971,0.41094252,0.97000000,0.02143299,0.00909278,0.00000000,1.00000000,0.57519393,1.49263519
1776259829800000000,1776259829810000000,2981,2982,0,Market Making,long,signal_entry,take_profit,passive,0.76234596,0.66839998,1.53240088,0.50000000,0.66529361,1.00000000,500.13410600,500.24427900,500.18910600,500.18927900,2.19920412,2.19920373,2.20286916,0.06000000,1.93936298,0.00000000,0.20350618,0.15514212,0.00000000,2.19920412,2.19916825,0.65714286,0.63599610,0.72258385,0.69934261,0.91000000,0.02700000,0.00600000,0.00000000,1.00000000,0.66529361,1.53240088
1776259830420000000,1776259830430000000,3043,3044,0,Market Making,long,signal_entry,take_profit,passive,0.52350239,0.66564892,1.52452504,0.50000000,0.64989939,1.00000000,500.14805100,500.25825400,500.20305100,500.20325400,2.19915162,2.19915113,2.20340757,0.06000000,1.93932091,0.00000000,0.20408666,0.10683985,0.00000000,2.19915162,2.19910785,0.63673500,0.63613707,0.70012445,0.69948094,0.93000000,0.02701075,0.00600000,0.00000000,1.00000000,0.64989939,1.52452504
1776259831050000000,1776259831060000000,3106,3107,0,Market Making,long,signal_entry,take_profit,passive,0.72299447,0.66498344,1.52258247,0.50000000,0.64611899,1.00000000,500.15904500,500.26926800,500.21404500,500.21426800,2.19909674,2.19909634,2.20375901,0.06000000,1.93927707,0.00000000,0.20448193,0.14783931,0.00000000,2.19909674,2.19906100,0.63198757,0.63542362,0.69488960,0.69867899,0.96000000,0.02694792,0.00600000,0.00000000,1.00000000,0.64611899,1.52258247
1776259831500000000,1776259831510000000,3151,3152,0,Market Making,long,signal_entry,take_profit,passive,0.44247225,0.66816396,1.53161294,0.50000000,0.66396931,1.00000000,500.16965500,500.27985500,500.22465500,500.22485500,2.19905582,2.19905534,2.20325241,0.06000000,1.93924427,0.00000000,0.20400814,0.09026794,0.00000000,2.19905582,2.19901196,0.65517241,0.63667456,0.72036599,0.70004145,0.91000000,0.02700000,0.00598901,0.00000000,1.00000000,0.66396931,1.53161294
1776259832100000000,1776259832110000000,3211,3212,0,Market Making,long,signal_entry,take_profit,passive,0.38835969,0.67378699,1.54764515,0.50000000,0.69552779,1.00000000,500.18000800,500.29022700,500.23500800,500.23522700,2.19900210,2.19900170,2.20358667,0.06000000,1.93920136,0.00000000,0.20438531,0.07937502,0.00000000,2.19900210,2.19896645,0.69696970,0.63653169,0.76630649,0.69986727,0.91000000,0.02700000,0.00598901,0.00000000,1.00000000,0.69552779,1.54764515
1776259832510000000,1776259832520000000,3252,3253,0,Market Making,long,signal_entry,take_profit,passive,0.42699250,0.66158532,1.51273521,0.50000000,0.62694589,1.00000000,500.18979700,500.30001300,500.24479700,500.24501300,2.19896748,2.19896700,2.20348357,0.06000000,1.93917360,0.00000000,0.20430997,0.08723882,0.00000000,2.19896748,2.19892390,0.60661765,0.63547585,0.66695303,0.69869538,0.92000000,0.02700000,0.00601087,0.00000000,1.00000000,0.62694589,1.51273521
1776259833030000000,1776259833040000000,3304,3305,0,Market Making,long,signal_entry,take_profit,passive,0.48380201,0.66952121,1.53536644,0.50000000,0.67154818,1.00000000,500.19864100,500.30882100,500.25364100,500.25382100,2.19892157,2.19892117,2.20272490,0.06000000,1.93913694,0.00000000,0.20358796,0.09849626,0.00000000,2.19892157,2.19888570,0.66498891,0.63729893,0.73111730,0.70068518,0.94000000,0.02706383,0.00598936,0.00000000,1.00000000,0.67154818,1.53536644
1776259833640000000,1776259833650000000,3365,3366,0,Market Making,long,signal_entry,take_profit,passive,0.67809805,0.62297792,1.40237386,0.50000000,0.40959644,1.00000000,500.21130000,500.32127200,500.26630000,500.26627200,2.19886947,2.19886905,2.19851091,0.06000000,1.93909524,0.00000000,0.19941567,0.13522338,0.00000000,2.19886947,2.19882868,0.32439560,0.62004411,0.35664518,0.68169837,0.95000000,0.02655789,0.00616842,0.00000000,1.00000000,0.40959644,1.40237386
1776259834130000000,1776259834140000000,3414,3415,0,Market Making,long,signal_entry,take_profit,passive,0.37841825,0.61260349,1.37288624,0.50000000,0.34368952,1.00000000,500.21141100,500.32142900,500.26641100,500.26642900,2.19883792,2.19883782,2.19943003,0.06000000,1.93907026,0.00000000,0.20035978,0.07581980,0.00000000,2.19883792,2.19882856,0.29670330,0.44892227,0.32619984,0.49355441,0.94000000,0.02186170,0.00800000,0.00000000,1.00000000,0.34368952,1.37288624
1776259834580000000,1776259834590000000,3459,3460,0,Market Making,long,signal_entry,take_profit,passive,0.42255555,0.60778190,1.35922095,0.50000000,0.30956096,1.00000000,500.21083900,500.32084700,500.26583900,500.26584700,2.19882968,2.19882969,2.19923263,0.06000000,1.93906375,0.00000000,0.20016888,0.08458247,0.00000000,2.19882968,2.19883093,0.30100110,0.30962638,0.33092526,0.34040783,0.99000000,0.01797980,0.00948485,0.00000000,1.00000000,0.30956096,1.35922095
1776259835440000000,1776259835450000000,3545,3546,0,Market Making,long,signal_entry,take_profit,passive,0.78475079,0.61087733,1.36817843,0.50000000,0.32713576,1.00000000,500.21122900,500.32125800,500.26622900,500.26625800,2.19882977,2.19882976,2.19965074,0.06000000,1.93906381,0.00000000,0.20058693,0.15741075,0.00000000,2.19882977,2.19882948,0.32439560,0.30922082,0.35664531,0.33996197,0.95000000,0.01800000,0.00950526,0.00000000,1.00000000,0.32713576,1.36817843
1776259835850000000,1776259835860000000,3586,3587,0,Market Making,long,signal_entry,take_profit,passive,0.59844754,0.60983637,1.36529760,0.50000000,0.32146290,1.00000000,500.21092200,500.32090200,500.26592200,500.26590200,2.19882941,2.19882942,2.19867250,0.06000000,1.93906354,0.00000000,0.19960896,0.11945549,0.00000000,2.19882941,2.19883030,0.31699634,0.30891643,0.34851058,0.33962727,0.96000000,0.01797917,0.00950000,0.00000000,1.00000000,0.32146290,1.36529760
1776259838470000000,1776259838480000000,3848,3849,0,Market Making,long,signal_entry,take_profit,passive,0.58036050,0.64404630,1.46316554,0.50000000,0.50126190,1.00000000,500.17240400,500.28261200,500.22740400,500.22761200,2.19900546,2.19900539,2.20340025,0.06000000,1.93920432,0.00000000,0.20419593,0.11850726,0.00000000,2.19900546,2.19900294,0.64426578,0.05259312,0.70837118,0.05782622,0.98000000,0.01463265,0.01289796,0.00000000,1.00000000,0.50126190,1.46316554
1776259839040000000,1776259839050000000,3905,3906,0,Market Making,long,signal_entry,take_profit,passive,0.60379619,0.65915267,1.50628324,0.50000000,0.60525750,1.00000000,500.18544900,500.29563000,500.24044900,500.24063000,2.19898420,2.19898376,2.20280298,0.06000000,1.93918701,0.00000000,0.20361598,0.12294255,0.00000000,2.19898420,2.19894418,0.64680290,0.43604258,0.71114174,0.47942318,0.95000000,0.02278947,0.00837895,0.00000000,1.00000000,0.60525750,1.50628324
1776259839450000000,1776259839460000000,3946,3947,0,Market Making,long,signal_entry,take_profit,passive,0.74701307,0.66482965,1.52248179,0.50000000,0.64610932,1.00000000,500.19206100,500.30224300,500.24706100,500.24724300,2.19895136,2.19895096,2.20279386,0.06000000,1.93916077,0.00000000,0.20363309,0.15211658,0.00000000,2.19895136,2.19891541,0.63198757,0.63542362,0.69484359,0.69863280,0.96000000,0.02694792,0.00600000,0.00000000,1.00000000,0.64610932,1.52248179
1776259840220000000,1776259840230000000,4023,4024,0,Market Making,long,signal_entry,take_profit,passive,0.45498125,0.66564855,1.52480032,0.50000000,0.65078830,1.00000000,500.20870800,500.31886500,500.26370800,500.26386500,2.19888283,2.19888237,2.20222076,0.06000000,1.93910590,0.00000000,0.20311486,0.09241345,0.00000000,2.19888283,2.19884100,0.63792766,0.63615930,0.70135076,0.69941991,0.93000000,0.02701075,0.00600000,0.00000000,1.00000000,0.65078830,1.52480032
1776259843220000000,1776259843230000000,4323,4324,0,Market Making,long,signal_entry,take_profit,passive,0.34978932,0.64040737,1.45267974,0.50000000,0.47913585,1.00000000,500.22004200,500.33025100,500.27504200,500.27525100,2.19879248,2.19879245,2.20321040,0.06000000,1.93903396,0.00000000,0.20417644,0.07141874,0.00000000,2.19879248,2.19879142,0.62663399,0.02021400,0.68891873,0.02222318,0.93000000,0.01392473,0.01327957,0.00000000,1.00000000,0.47913585,1.45267974
1776259843740000000,1776259843750000000,4375,4376,0,Market Making,long,signal_entry,take_profit,passive,0.37838158,0.65660675,1.49892566,0.50000000,0.58792486,1.00000000,500.22879400,500.33898100,500.28379400,500.28398100,2.19878012,2.19877982,2.20273206,0.06000000,1.93902385,0.00000000,0.20370820,0.07707943,0.00000000,2.19878012,2.19875361,0.64714264,0.36918645,0.71145360,0.40587832,0.95000000,0.02134737,0.00914737,0.00000000,1.00000000,0.58792486,1.49892566
1776259844330000000,1776259844340000000,4434,4435,0,Market Making,long,signal_entry,take_profit,passive,0.69249472,0.66268013,1.51625674,0.50000000,0.63412655,1.00000000,500.24225900,500.35245500,500.29725900,500.29745500,2.19873789,2.19873741,2.20285268,0.06000000,1.93898993,0.00000000,0.20386275,0.14117388,0.00000000,2.19873789,2.19869417,0.61636371,0.63483439,0.67759766,0.69791722,0.94000000,0.02693617,0.00601064,0.00000000,1.00000000,0.63412655,1.51625674
1776259844950000000,1776259844960000000,4496,4497,0,Market Making,long,signal_entry,take_profit,passive,0.75612849,0.66573173,1.52494995,0.50000000,0.65133927,1.00000000,500.25308400,500.36331100,500.30808400,500.30831100,2.19868357,2.19868316,2.20342470,0.06000000,1.93894653,0.00000000,0.20447817,0.15461177,0.00000000,2.19868357,2.19864770,0.63867418,0.63615859,0.70210976,0.69935572,0.96000000,0.02701042,0.00600000,0.00000000,1.00000000,0.65133927,1.52494995
1776259845460000000,1776259845470000000,4547,4548,0,Market Making,long,signal_entry,take_profit,passive,0.53612404,0.66532885,1.52375474,0.50000000,0.64891261,1.00000000,500.22479100,500.33496900,500.27979100,500.27996900,2.19872490,2.19872535,2.20256976,0.06000000,1.93898028,0.00000000,0.20358949,0.10914922,0.00000000,2.19872490,2.19877207,0.63553409,0.63593209,0.69869731,0.69911987,0.97000000,0.02698969,0.00600000,0.00000000,1.00000000,0.64891261,1.52375474
1776259845920000000,1776259845930000000,4593,4594,0,Market Making,long,signal_entry,take_profit,passive,0.57212740,0.66598448,1.52561278,0.50000000,0.65251755,1.00000000,500.23236000,500.34256000,500.28736000,500.28756000,2.19877255,2.19877215,2.20297623,0.06000000,1.93901772,0.00000000,0.20395851,0.11669025,0.00000000,2.19877255,2.19873720,0.64031204,0.63589335,0.70393897,0.69909243,0.93000000,0.02700000,0.00600000,0.00000000,1.00000000,0.65251755,1.52561278
1776259846440000000,1776259846450000000,4645,4646,0,Market Making,long,signal_entry,take_profit,passive,0.55780989,0.66465401,1.52178554,0.50000000,0.64502659,1.00000000,500.24445400,500.35465800,500.29945400,500.29965800,2.19872865,2.19872817,2.20300293,0.06000000,1.93898254,0.00000000,0.20402040,0.11380460,0.00000000,2.19872865,2.19868504,0.63059097,0.63538877,0.69323546,0.69852373,0.95000000,0.02693684,0.00600000,0.00000000,1.00000000,0.64502659,1.52178554
1776259847100000000,1776259847110000000,4711,4712,0,Market Making,long,signal_entry,take_profit,passive,0.50569302,0.67596642,1.55407981,0.50000000,0.70860828,1.00000000,500.25612200,500.36635200,500.31112200,500.31135200,2.19866817,2.19866777,2.20347129,0.06000000,1.93893422,0.00000000,0.20453707,0.10343297,0.00000000,2.19866817,2.19863191,0.71428571,0.63659742,0.78522568,0.69983323,0.91000000,0.02700000,0.00598901,0.00000000,1.00000000,0.70860828,1.55407981
1776259847740000000,1776259847750000000,4775,4776,0,Market Making,long,signal_entry,take_profit,passive,0.44370230,0.66759038,1.53010696,0.50000000,0.66159876,1.00000000,500.26987700,500.38002900,500.32487700,500.32502900,2.19861393,2.19861348,2.20185154,0.06000000,1.93889078,0.00000000,0.20296076,0.09005416,0.00000000,2.19861393,2.19857283,0.65199113,0.63690631,0.71672500,0.70015555,0.95000000,0.02703158,0.00598947,0.00000000,1.00000000,0.66159876,1.53010696
1776259848150000000,1776259848160000000,4816,4817,0,Market Making,long,signal_entry,take_profit,passive,0.62701510,0.61588830,1.38239248,0.50000000,0.36891447,1.00000000,500.27367700,500.38365000,500.32867700,500.32865000,2.19857933,2.19857908,2.19825678,0.06000000,1.93886326,0.00000000,0.19939351,0.12502274,0.00000000,2.19857933,2.19855451,0.28422195,0.58055875,0.31243873,0.63820293,0.96000000,0.02547917,0.00659375,0.00000000,1.00000000,0.36891447,1.38239248
1776259848720000000,1776259848730000000,4873,4874,0,Market Making,long,signal_entry,take_profit,passive,0.58256479,0.60705428,1.35725988,0.50000000,0.30974331,1.00000000,500.27385500,500.38385400,500.32885500,500.32885400,2.19855657,2.19855655,2.19877571,0.06000000,1.93884524,0.00000000,0.19993047,0.11647245,0.00000000,2.19855657,2.19855400,0.27655678,0.37887921,0.30401250,0.41649385,0.93000000,0.01988172,0.00874194,0.00000000,1.00000000,0.30974331,1.35725988
1776259849190000000,1776259849200000000,4920,4921,0,Market Making,long,signal_entry,take_profit,passive,0.42212172,0.60749896,1.35861952,0.50000000,0.30869329,1.00000000,500.27338100,500.38340900,500.32838100,500.32840900,2.19855575,2.19855572,2.19935747,0.06000000,1.93884458,0.00000000,0.20051289,0.08464085,0.00000000,2.19855575,2.19855650,0.29993324,0.30943334,0.32971009,0.34015322,1.00000000,0.01800000,0.00950000,0.00000000,1.00000000,0.30869329,1.35861952
1776259849860000000,1776259849870000000,4987,4988,0,Market Making,long,signal_entry,take_profit,passive,0.47978668,0.60862180,1.36189794,0.50000000,0.31508392,1.00000000,500.27332700,500.38335200,500.32832700,500.32835200,2.19855574,2.19855575,2.19929775,0.06000000,1.93884460,0.00000000,0.20045315,0.09617475,0.00000000,2.19855574,2.19855657,0.30874818,0.30840450,0.33940017,0.33902225,0.97000000,0.01796907,0.00950515,0.00000000,1.00000000,0.31508392,1.36189794
1776259850280000000,1776259850290000000,5029,5030,0,Market Making,long,signal_entry,take_profit,passive,0.48370284,0.60907780,1.36327068,0.50000000,0.31779601,1.00000000,500.27351300,500.38348300,500.32851300,500.32848300,2.19855514,2.19855514,2.19819753,0.06000000,1.93884412,0.00000000,0.19935341,0.09642781,0.00000000,2.19855514,2.19855499,0.31222489,0.30872751,0.34322179,0.33937723,0.99000000,0.01797980,0.00950505,0.00000000,1.00000000,0.31779601,1.36327068
1776259852890000000,1776259852900000000,5290,5291,0,Market Making,long,signal_entry,take_profit,passive,0.35952202,0.64392719,1.46293781,0.50000000,0.50199785,1.00000000,500.27540800,500.38560000,500.33040800,500.33060000,2.19855639,2.19855631,2.20262676,0.06000000,1.93884505,0.00000000,0.20378171,0.07326401,0.00000000,2.19855639,2.19855117,0.64115908,0.06411591,0.70481053,0.07048105,1.00000000,0.01487000,0.01276000,0.00000000,1.00000000,0.50199785,1.46293781
1776259853510000000,1776259853520000000,5352,5353,0,Market Making,long,signal_entry,take_profit,passive,0.67951500,0.65595773,1.49728796,0.50000000,0.59101210,1.00000000,500.28628100,500.39651200,500.34128100,500.34151200,2.19853390,2.19853352,2.20335844,0.06000000,1.93882682,0.00000000,0.20453162,0.13898231,0.00000000,2.19853390,2.19849989,0.60661765,0.49765819,0.66682442,0.54705769,0.92000000,0.02405435,0.00763043,0.00000000,1.00000000,0.59101210,1.49728796
1776259854050000000,1776259854060000000,5406,5407,0,Market Making,long,signal_entry,take_profit,passive,0.70242540,0.66539984,1.52422362,0.50000000,0.65012064,1.00000000,500.25843200,500.36860000,500.31343200,500.31360000,2.19850187,2.19850310,2.20222175,0.06000000,1.93880248,0.00000000,0.20341927,0.14288686,0.00000000,2.19850187,2.19862367,0.63707594,0.63613124,0.70034514,0.69926789,0.96000000,0.02701042,0.00600000,0.00000000,1.00000000,0.65012064,1.52422362
1776259854570000000,1776259854580000000,5458,5459,0,Market Making,long,signal_entry,take_profit,passive,0.53823523,0.66542666,1.52428829,0.50000000,0.65019394,1.00000000,500.26745700,500.37768600,500.32245700,500.32268600,2.19854966,2.19854998,2.20340137,0.06000000,1.93883998,0.00000000,0.20456139,0.11010215,0.00000000,2.19854966,2.19858550,0.63722597,0.63598025,0.70049789,0.69911713,0.98000000,0.02700000,0.00600000,0.00000000,1.00000000,0.65019394,1.52428829
1776259855040000000,1776259855050000000,5505,5506,0,Market Making,long,signal_entry,take_profit,passive,0.41290385,0.66370275,1.51932218,0.50000000,0.64037068,1.00000000,500.27839700,500.38858500,500.33339700,500.33358500,2.19857937,2.19857889,2.20253364,0.06000000,1.93886311,0.00000000,0.20367053,0.08409635,0.00000000,2.19857937,2.19853574,0.62451954,0.63516947,0.68651428,0.69823525,0.95000000,0.02696842,0.00601053,0.00000000,1.00000000,0.64037068,1.51932218
1776259857820000000,1776259857830000000,5783,5784,0,Market Making,long,signal_entry,take_profit,passive,0.39240780,0.64765421,1.47345198,0.50000000,0.52766407,1.00000000,500.28577200,500.39601100,500.34077200,500.34101100,2.19852106,2.19852084,2.20352059,0.06000000,1.93881667,0.00000000,0.20470392,0.08032741,0.00000000,2.19852106,2.19850266,0.64179894,0.15775193,0.70549834,0.17340978,0.93000000,0.01686022,0.01165591,0.00000000,1.00000000,0.52766407,1.47345198
1776259858360000000,1776259858370000000,5837,5838,0,Market Making,long,signal_entry,take_profit,passive,0.54322025,0.66019615,1.50924376,0.50000000,0.61491001,1.00000000,500.29766500,500.40782500,500.35266500,500.35282500,2.19849270,2.19849225,2.20188915,0.06000000,1.93879380,0.00000000,0.20309535,0.11032551,0.00000000,2.19849270,2.19845155,0.63558118,0.50531393,0.69864721,0.55546251,0.97000000,0.02421649,0.00753608,0.00000000,1.00000000,0.61491001,1.50924376
1776259858810000000,1776259858820000000,5882,5883,0,Market Making,long,signal_entry,take_profit,passive,0.57552939,0.66500439,1.52303381,0.50000000,0.64788532,1.00000000,500.30534600,500.41556600,500.36034600,500.36056600,2.19845178,2.19845138,2.20305461,0.06000000,1.93876110,0.00000000,0.20429351,0.11757692,0.00000000,2.19845178,2.19841610,0.63403782,0.63641618,0.69693948,0.69956514,0.92000000,0.02697826,0.00598913,0.00000000,1.00000000,0.64788532,1.52303381
1776259859290000000,1776259859300000000,5930,5931,0,Market Making,long,signal_entry,take_profit,passive,0.68516801,0.66555663,1.52458455,0.50000000,0.65096599,1.00000000,500.31657800,500.42677200,500.37157800,500.37177200,2.19841373,2.19840917,2.20248548,0.06000000,1.93872733,0.00000000,0.20375815,0.13960857,0.00000000,2.19841373,2.19837033,0.63825533,0.63601055,0.70156079,0.69910715,1.00000000,0.02700000,0.00600000,0.00000000,1.00000000,0.65096599,1.52458455
1776259859730000000,1776259859740000000,5974,5975,0,Market Making,long,signal_entry,take_profit,passive,0.47945476,0.66556833,1.52465289,0.50000000,0.65114519,1.00000000,500.32377400,500.43395300,500.37877400,500.37895300,2.19837170,2.19837130,2.20215400,0.06000000,1.93869704,0.00000000,0.20345696,0.09754841,0.00000000,2.19837170,2.19833580,0.63855127,0.63585409,0.70187506,0.69892182,0.94000000,0.02693617,0.00598936,0.00000000,1.00000000,0.65114519,1.52465289
1776259860280000000,1776259860290000000,6029,6030,0,Market Making,long,signal_entry,take_profit,passive,0.41941882,0.66443559,1.52141843,0.50000000,0.64484823,1.00000000,500.33631900,500.44653600,500.39131900,500.39153600,2.19832635,2.19832588,2.20285827,0.06000000,1.93866070,0.00000000,0.20419757,0.08564431,0.00000000,2.19832635,2.19828351,0.63023321,0.63583341,0.69271562,0.69888466,0.99000000,0.02697980,0.00600000,0.00000000,1.00000000,0.64484823,1.52141843
1776259860860000000,1776259860870000000,6087,6088,0,Market Making,long,signal_entry,take_profit,passive,0.51933449,0.66419752,1.52073672,0.50000000,0.64355425,1.00000000,500.34628500,500.45648100,500.40128500,500.40148100,2.19827386,2.19827346,2.20239469,0.06000000,1.93861877,0.00000000,0.20377592,0.10582786,0.00000000,2.19827386,2.19823824,0.62869115,0.63535149,0.69100648,0.69833829,0.97000000,0.02698969,0.00601031,0.00000000,1.00000000,0.64355425,1.52073672
1776259861600000000,1776259861610000000,6161,6162,0,Market Making,long,signal_entry,take_profit,passive,0.77502350,0.66033888,1.50972296,0.50000000,0.62203225,1.00000000,500.36231600,500.47247100,500.41731600,500.41747100,2.19820656,2.19820610,2.20150472,0.06000000,1.93856488,0.00000000,0.20293984,0.15728314,0.00000000,2.19820656,2.19816534,0.60000000,0.63599113,0.65944960,0.69901992,0.91000000,0.02700000,0.00600000,0.00000000,1.00000000,0.62203225,1.50972296
1776259862040000000,1776259862050000000,6205,6206,0,Market Making,long,signal_entry,take_profit,passive,0.44876532,0.66475730,1.52238502,0.50000000,0.64694315,1.00000000,500.37000300,500.48023100,500.42500300,500.42523100,2.19816940,2.19816899,2.20292982,0.06000000,1.93853519,0.00000000,0.20439462,0.09172522,0.00000000,2.19816940,2.19813352,0.63306324,0.63570428,0.69577876,0.69869284,0.95000000,0.02696842,0.00600000,0.00000000,1.00000000,0.64694315,1.52238502
1776259862640000000,1776259862650000000,6265,6266,0,Market Making,long,signal_entry,take_profit,passive,0.54501749,0.61990645,1.39424283,0.50000000,0.39135957,1.00000000,500.37861700,500.48859300,500.43361700,500.43359300,2.19811988,2.19811961,2.19785571,0.06000000,1.93849569,0.00000000,0.19936002,0.10865470,0.00000000,2.19811988,2.19809356,0.32439560,0.55040400,0.35652595,0.60492812,0.95000000,0.02463158,0.00691579,0.00000000,1.00000000,0.39135957,1.39424283
1776259863090000000,1776259863100000000,6310,6311,0,Market Making,long,signal_entry,take_profit,passive,0.56618903,0.61366662,1.37651121,0.50000000,0.34957578,1.00000000,500.33848700,500.44851500,500.39348700,500.39351500,2.19811677,2.19811803,2.19907129,0.06000000,1.93849443,0.00000000,0.20057686,0.11356442,0.00000000,2.19811677,2.19827060,0.31893343,0.40811448,0.35055099,0.44854138,1.00000000,0.02067000,0.00843000,0.00000000,1.00000000,0.34957578,1.37651121
1776259863600000000,1776259863610000000,6361,6362,0,Market Making,long,signal_entry,take_profit,passive,0.50402645,0.61175901,1.37117363,0.50000000,0.33372165,1.00000000,500.33808000,500.44808600,500.39308000,500.39308600,2.19821266,2.19821331,2.19863337,0.06000000,1.93857064,0.00000000,0.20006273,0.10083691,0.00000000,2.19821266,2.19827181,0.33333333,0.30865201,0.36637863,0.33924145,0.91000000,0.01797802,0.00950549,0.00000000,1.00000000,0.33372165,1.37117363
1776259864160000000,1776259864170000000,6417,6418,0,Market Making,long,signal_entry,take_profit,passive,0.52428937,0.60663811,1.35655701,0.50000000,0.30497615,1.00000000,500.33823100,500.44820700,500.39323100,500.39320700,2.19827019,2.19827020,2.19803311,0.06000000,1.93861616,0.00000000,0.19941696,0.10455219,0.00000000,2.19827019,2.19827077,0.29504739,0.30937457,0.32429703,0.34004445,0.97000000,0.01796907,0.00948454,0.00000000,1.00000000,0.30497615,1.35655701
1776259864570000000,1776259864580000000,6458,6459,0,Market Making,long,signal_entry,take_profit,passive,0.48945955,0.60729021,1.35842500,0.50000000,0.30865823,1.00000000,500.33870500,500.44871600,500.39370500,500.39371600,2.19827042,2.19827041,2.19873056,0.06000000,1.93861633,0.00000000,0.20011423,0.09794782,0.00000000,2.19827042,2.19826934,0.29983313,0.30961905,0.32955699,0.34031320,0.98000000,0.01796939,0.00947959,0.00000000,1.00000000,0.30865823,1.35842500
1776259867230000000,1776259867240000000,6724,6725,0,Market Making,long,signal_entry,take_profit,passive,0.54867182,0.64125122,1.45545793,0.50000000,0.48558765,1.00000000,500.33902100,500.44920600,500.39402100,500.39420600,2.19827084,2.19827079,2.20220681,0.06000000,1.93861663,0.00000000,0.20359018,0.11170419,0.00000000,2.19827084,2.19826886,0.63283330,0.02692908,0.69556887,0.02959868,0.94000000,0.01403191,0.01319149,0.00000000,1.00000000,0.48558765,1.45545793
1776259867650000000,1776259867660000000,6766,6767,0,Market Making,long,signal_entry,take_profit,passive,0.64314951,0.65225125,1.48681049,0.50000000,0.56162017,1.00000000,500.34867400,500.45891500,500.40367400,500.40391500,2.19826064,2.19826026,2.20328354,0.06000000,1.93860821,0.00000000,0.20467534,0.13163684,0.00000000,2.19826064,2.19822796,0.63501628,0.30463147,0.69795527,0.33482790,0.96000000,0.01992708,0.00991667,0.00000000,1.00000000,0.56162017,1.48681049
1776259868420000000,1776259868430000000,6843,6844,0,Market Making,long,signal_entry,take_profit,passive,0.65288204,0.66389646,1.51995727,0.50000000,0.64214480,1.00000000,500.36283200,500.47305200,500.41783200,500.41805200,2.19819964,2.19819924,2.20280151,0.06000000,1.93855940,0.00000000,0.20424211,0.13334601,0.00000000,2.19819964,2.19816402,0.62663399,0.63592685,0.68872216,0.69894711,0.93000000,0.02698925,0.00600000,0.00000000,1.00000000,0.64214480,1.51995727
1776259869010000000,1776259869020000000,6902,6903,0,Market Making,long,signal_entry,take_profit,passive,0.64791634,0.67194631,1.54296344,0.50000000,0.68746632,1.00000000,500.37607000,500.48623600,500.43107000,500.43123600,2.19814797,2.19814750,2.20166404,0.06000000,1.93851800,0.00000000,0.20314604,0.13162164,0.00000000,2.19814797,2.19810530,0.68627451,0.63684450,0.75425182,0.69993921,0.92000000,0.02703261,0.00598913,0.00000000,1.00000000,0.68746632,1.54296344
